,47431N,47432CA,47433CB,47434CG,47435CD1,47436CD2,47437CE1,47438CE2,47439CZ,47440I,47441C,47442O,47443HA,47444HB1,47445HB2,47446HD1,47447HD2,47448HE1,47449HE2,47450H1,47451H2,47452H3
SER39D,0,0.0,0.0,0.0,0.0,0.0,0.0,0.0,0.0,0,0.0,0.0,0,0,0,0,0,0,0,0,0,0
ARG40D,0,0.0,0.0,0.0,0.0,0.0,0.0,0.0,0.0,0,0.0,0.0,0,0,0,0,0,0,0,0,0,0
ARG41D,0,0.0,0.0,0.0,0.0,0.0,0.0,0.0,0.0,0,0.0,0.0,0,0,0,0,0,0,0,0,0,0
THR42D,0,0.0,0.0,0.0,0.0,0.0,0.0,0.0,0.0,0,0.0,0.0,0,0,0,0,0,0,0,0,0,0
TYR43D,0,0.0,0.0,0.0,0.0,0.0,0.0,0.0,0.0,0,0.0,0.0,0,0,0,0,0,0,0,0,0,0
THR44D,0,0.0,0.0,0.0,0.0,0.0,0.0,0.0,0.0,0,0.0,0.0,0,0,0,0,0,0,0,0,0,0
LEU45D,0,0.0,0.0,0.0,0.0,0.0,0.0,0.0,0.0,0,0.0,0.0,0,0,0,0,0,0,0,0,0,0
THR46D,0,0.0,0.0,0.0,0.0,0.0,0.0,0.0,0.0,0,0.0,0.0,0,0,0,0,0,0,0,0,0,0
ASP47D,0,0.0,0.0,0.0,0.0,0.0,0.0,0.0,0.0,0,0.0,0.0,0,0,0,0,0,0,0,0,0,0
TYR48D,0,0.0,0.0,0.0,0.0,0.0,0.0,0.0,0.0,0,0.0,0.0,0,0,0,0,0,0,0,0,0,0
LEU49D,0,0.0,0.0,0.0,0.0,0.0,0.0,0.0,0.0,0,0.0,0.0,0,0,0,0,0,0,0,0,0,0
LYS50D,0,0.0,0.0,0.0,0.0,0.0,0.0,0.0,0.0,0,0.0,0.0,0,0,0,0,0,0,0,0,0,0
SER51D,0,0.0,0.0,0.0,0.0,0.0,0.0,0.0,0.0,0,0.0,0.0,0,0,0,0,0,0,0,0,0,0
THR52D,0,0.0,0.0,0.0,0.0,0.0,0.0,0.0,0.0,0,0.0,0.0,0,0,0,0,0,0,0,0,0,0
PHE53D,0,0.0,0.0,0.0,0.0,0.0,0.0,0.0,0.0,0,0.0,0.0,0,0,0,0,0,0,0,0,0,0
ARG54D,0,0.0,0.0,0.0,0.0,0.0,0.0,0.0,0.0,0,0.0,0.0,0,0,0,0,0,0,0,0,0,0
VAL55D,0,0.0,0.0,0.0,0.0,0.0,0.0,0.0,0.0,0,0.0,0.0,0,0,0,0,0,0,0,0,0,0
LYS56D,0,0.0,0.0,0.0,0.0,0.0,0.0,0.0,0.0,0,0.0,0.0,0,0,0,0,0,0,0,0,0,0
PHE57D,0,0.0,0.0,0.0,0.0,0.0,0.0,0.0,0.0,0,0.0,0.0,0,0,0,0,0,0,0,0,0,0
TYR58D,0,0.0,0.0,0.0,0.0,0.0,0.0,0.0,0.0,0,0.0,0.0,0,0,0,0,0,0,0,0,0,0
THR59D,0,0.0,0.0,0.0,0.0,0.0,0.0,0.0,0.0,0,0.0,0.0,0,0,0,0,0,0,0,0,0,0
LEU60D,0,0.0,0.0,0.0,0.0,0.0,0.0,0.0,0.0,0,0.0,0.0,0,0,0,0,0,0,0,0,0,0
GLN61D,0,0.0,0.0,0.0,0.0,0.0,0.0,0.0,0.0,0,0.0,0.0,0,0,0,0,0,0,0,0,0,0
TRP62D,0,0.0,0.0,0.0,0.0,0.0,0.0,0.0,0.0,0,0.0,0.0,0,0,0,0,0,0,0,0,0,0
ILE63D,0,0.0,0.0,0.0,0.0,0.0,0.0,0.0,0.0,0,0.0,0.0,0,0,0,0,0,0,0,0,0,0
SER64D,0,0.0,0.0,0.0,0.0,0.0,0.0,0.0,0.0,0,0.0,0.0,0,0,0,0,0,0,0,0,0,0
ASP65D,0,0.0,0.0,0.0,0.0,0.0,0.0,0.0,0.0,0,0.0,0.0,0,0,0,0,0,0,0,0,0,0
HIS66D,0,0.0,0.0,0.0,0.0,0.0,0.0,0.0,0.0,0,0.0,0.0,0,0,0,0,0,0,0,0,0,0
GLU67D,0,0.0,0.0,0.0,0.0,0.0,0.0,0.0,0.0,0,0.0,0.0,0,0,0,0,0,0,0,0,0,0
TYR68D,0,0.0,0.0,0.0,0.0,0.0,0.0,0.0,0.0,0,0.0,0.0,0,0,0,0,0,0,0,0,0,0
LEU69D,0,0.0,0.0,0.0,0.0,0.0,0.0,0.0,0.0,0,0.0,0.0,0,0,0,0,0,0,0,0,0,0
TYR70D,0,0.0,0.0,0.0,0.0,0.0,0.0,0.0,0.0,0,0.0,0.0,0,0,0,0,0,0,0,0,0,0
LYS71D,0,0.0,0.0,0.0,0.0,0.0,0.0,0.0,0.0,0,0.0,0.0,0,0,0,0,0,0,0,0,0,0
GLN72D,0,0.0,0.0,0.0,0.0,0.0,0.0,0.0,0.0,0,0.0,0.0,0,0,0,0,0,0,0,0,0,0
GLU73D,0,0.0,0.0,0.0,0.0,0.0,0.0,0.0,0.0,0,0.0,0.0,0,0,0,0,0,0,0,0,0,0
ASN74D,0,0.0,0.0,0.0,0.0,0.0,0.0,0.0,0.0,0,0.0,0.0,0,0,0,0,0,0,0,0,0,0
ASN75D,0,0.0,0.0,0.0,0.0,0.0,0.0,0.0,0.0,0,0.0,0.0,0,0,0,0,0,0,0,0,0,0
ILE76D,0,0.0,0.0,0.0,0.0,0.0,0.0,0.0,0.0,0,0.0,0.0,0,0,0,0,0,0,0,0,0,0
LEU77D,0,0.0,0.0,0.0,0.0,0.0,0.0,0.0,0.0,0,0.0,0.0,0,0,0,0,0,0,0,0,0,0
LEU78D,0,0.0,0.0,0.0,0.0,0.0,0.0,0.0,0.0,0,0.0,0.0,0,0,0,0,0,0,0,0,0,0
PHE79D,0,0.0,0.0,0.0,0.0,0.0,0.0,0.0,0.0,0,0.0,0.0,0,0,0,0,0,0,0,0,0,0
ASN80D,0,0.0,0.0,0.0,0.0,0.0,0.0,0.0,0.0,0,0.0,0.0,0,0,0,0,0,0,0,0,0,0
ALA81D,0,0.0,0.0,0.0,0.0,0.0,0.0,0.0,0.0,0,0.0,0.0,0,0,0,0,0,0,0,0,0,0
GLU82D,0,0.0,0.0,0.0,0.0,0.0,0.0,0.0,0.0,0,0.0,0.0,0,0,0,0,0,0,0,0,0,0
TYR83D,0,0.0,0.0,0.0,0.0,0.0,0.0,0.0,0.0,0,0.0,0.0,0,0,0,0,0,0,0,0,0,0
GLY84D,0,0.0,0.0,0.0,0.0,0.0,0.0,0.0,0.0,0,0.0,0.0,0,0,0,0,0,0,0,0,0,0
ASN85D,0,0.0,0.0,0.0,0.0,0.0,0.0,0.0,0.0,0,0.0,0.0,0,0,0,0,0,0,0,0,0,0
SER86D,0,0.0,0.0,0.0,0.0,0.0,0.0,0.0,0.0,0,0.0,0.0,0,0,0,0,0,0,0,0,0,0
SER87D,0,0.0,0.0,0.0,0.0,0.0,0.0,0.0,0.0,0,0.0,0.0,0,0,0,0,0,0,0,0,0,0
ILE88D,0,0.0,0.0,0.0,0.0,0.0,0.0,0.0,0.0,0,0.0,0.0,0,0,0,0,0,0,0,0,0,0
PHE89D,0,0.0,0.0,0.0,0.0,0.0,0.0,0.0,0.0,0,0.0,0.0,0,0,0,0,0,0,0,0,0,0
LEU90D,0,0.0,0.0,0.0,0.0,0.0,0.0,0.0,0.0,0,0.0,0.0,0,0,0,0,0,0,0,0,0,0
GLU91D,0,0.0,0.0,0.0,0.0,0.0,0.0,0.0,0.0,0,0.0,0.0,0,0,0,0,0,0,0,0,0,0
ASN92D,0,0.0,0.0,0.0,0.0,0.0,0.0,0.0,0.0,0,0.0,0.0,0,0,0,0,0,0,0,0,0,0
SER93D,0,0.0,0.0,0.0,0.0,0.0,0.0,0.0,0.0,0,0.0,0.0,0,0,0,0,0,0,0,0,0,0
THR94D,0,0.0,0.0,0.0,0.0,0.0,0.0,0.0,0.0,0,0.0,0.0,0,0,0,0,0,0,0,0,0,0
PHE95D,0,0.0,0.0,0.0,0.0,0.0,0.0,0.0,0.0,0,0.0,0.0,0,0,0,0,0,0,0,0,0,0
ASP96D,0,0.0,0.0,0.0,0.0,0.0,0.0,0.0,0.0,0,0.0,0.0,0,0,0,0,0,0,0,0,0,0
GLU97D,0,0.0,0.0,0.0,0.0,0.0,0.0,0.0,0.0,0,0.0,0.0,0,0,0,0,0,0,0,0,0,0
LEU98D,0,0.0,0.0,0.0,0.0,0.0,0.0,0.0,0.0,0,0.0,0.0,0,0,0,0,0,0,0,0,0,0
GLY99D,0,0.0,0.0,0.0,0.0,0.0,0.0,0.0,0.0,0,0.0,0.0,0,0,0,0,0,0,0,0,0,0
TYR100D,0,0.0,0.0,0.0,0.0,0.0,0.0,0.0,0.0,0,0.0,0.0,0,0,0,0,0,0,0,0,0,0
SER101D,0,0.0,0.0,0.0,0.0,0.0,0.0,0.0,0.0,0,0.0,0.0,0,0,0,0,0,0,0,0,0,0
THR102D,0,0.0,0.0,0.0,0.0,0.0,0.0,0.0,0.0,0,0.0,0.0,0,0,0,0,0,0,0,0,0,0
ASN103D,0,0.0,0.0,0.0,0.0,0.0,0.0,0.0,0.0,0,0.0,0.0,0,0,0,0,0,0,0,0,0,0
ASP104D,0,0.0,0.0,0.0,0.0,0.0,0.0,0.0,0.0,0,0.0,0.0,0,0,0,0,0,0,0,0,0,0
TYR105D,0,0.0,0.0,0.0,0.0,0.0,0.0,0.0,0.0,0,0.0,0.0,0,0,0,0,0,0,0,0,0,0
SER106D,0,0.0,0.0,0.0,0.0,0.0,0.0,0.0,0.0,0,0.0,0.0,0,0,0,0,0,0,0,0,0,0
VAL107D,0,0.0,0.0,0.0,0.0,0.0,0.0,0.0,0.0,0,0.0,0.0,0,0,0,0,0,0,0,0,0,0
SER108D,0,0.0,0.0,0.0,0.0,0.0,0.0,0.0,0.0,0,0.0,0.0,0,0,0,0,0,0,0,0,0,0
PRO109D,0,0.0,0.0,0.0,0.0,0.0,0.0,0.0,0.0,0,0.0,0.0,0,0,0,0,0,0,0,0,0,0
ASP110D,0,0.0,0.0,0.0,0.0,0.0,0.0,0.0,0.0,0,0.0,0.0,0,0,0,0,0,0,0,0,0,0
ARG111D,0,0.0,0.0,0.0,0.0,0.0,0.0,0.0,0.0,0,0.0,0.0,0,0,0,0,0,0,0,0,0,0
GLN112D,0,0.0,0.0,0.0,0.0,0.0,0.0,0.0,0.0,0,0.0,0.0,0,0,0,0,0,0,0,0,0,0
PHE113D,0,0.0,0.0,0.0,0.0,0.0,0.0,0.0,0.0,0,0.0,0.0,0,0,0,0,0,0,0,0,0,0
ILE114D,0,0.0,0.0,0.0,0.0,0.0,0.0,0.0,0.0,0,0.0,0.0,0,0,0,0,0,0,0,0,0,0
LEU115D,0,0.0,0.0,0.0,0.0,0.0,0.0,0.0,0.0,0,0.0,0.0,0,0,0,0,0,0,0,0,0,0
PHE116D,0,0.0,0.0,0.0,0.0,0.0,0.0,0.0,0.0,0,0.0,0.0,0,0,0,0,0,0,0,0,0,0
GLU117D,0,0.0,0.0,0.0,0.0,0.0,0.0,0.0,0.0,0,0.0,0.0,0,0,0,0,0,0,0,0,0,0
TYR118D,0,0.0,0.0,0.0,0.0,0.0,0.0,0.0,0.0,0,0.0,0.0,0,0,0,0,0,0,0,0,0,0
ASN119D,0,0.0,0.0,0.0,0.0,0.0,0.0,0.0,0.0,0,0.0,0.0,0,0,0,0,0,0,0,0,0,0
TYR120D,0,0.0,0.0,0.0,0.0,0.0,0.0,0.0,0.0,0,0.0,0.0,0,0,0,0,0,0,0,0,0,0
VAL121D,0,0.0,0.0,0.0,0.0,0.0,0.0,0.0,0.0,0,0.0,0.0,0,0,0,0,0,0,0,0,0,0
LYS122D,0,0.0,0.0,0.0,0.0,0.0,0.0,0.0,0.0,0,0.0,0.0,0,0,0,0,0,0,0,0,0,0
GLN123D,0,0.0,0.0,0.0,0.0,0.0,0.0,0.0,0.0,0,0.0,0.0,0,0,0,0,0,0,0,0,0,0
TRP124D,0,0.0,0.0,0.0,0.0,0.0,0.0,0.0,0.0,0,0.0,0.0,0,0,0,0,0,0,0,0,0,0
ARG125D,0,-1.3854392340000001e-05,-0.02305656434849,0.0,-0.015346830516000007,0.0,0.0,0.0,0.0,0,0.0,-0.133605525664,0,0,0,0,0,0,0,0,0,0
HIS126D,0,0.0,0.0,0.0,0.0021539923440000008,0.0,0.000115392447,0.0,0.0,0,0.0,0.0,0,0,0,0,0,0,0,0,0,0
SER127D,0,0.0,0.0,0.0,0.0,0.0,0.0,0.0,0.0,0,0.0,0.0,0,0,0,0,0,0,0,0,0,0
TYR128D,0,0.0,0.0,0.0,0.0,0.0,0.0,0.0,0.0,0,0.0,0.0,0,0,0,0,0,0,0,0,0,0
THR129D,0,0.0,0.0,0.0,0.0,0.0,0.0,0.0,0.0,0,0.0,0.0,0,0,0,0,0,0,0,0,0,0
ALA130D,0,0.0,0.0,0.0,0.0,0.0,0.0,0.0,0.0,0,0.0,0.0,0,0,0,0,0,0,0,0,0,0
SER131D,0,0.0,0.0,0.0,0.0,0.0,0.0,0.0,0.0,0,0.0,0.0,0,0,0,0,0,0,0,0,0,0
TYR132D,0,0.0,0.0,0.0,0.0,0.0,0.0,0.0,0.0,0,0.0,0.0,0,0,0,0,0,0,0,0,0,0
ASP133D,0,0.0,0.0,0.0,0.0,0.0,0.0,0.0,0.0,0,0.0,0.0,0,0,0,0,0,0,0,0,0,0
ILE134D,0,0.0,0.0,0.0,0.0,0.0,0.0,0.0,0.0,0,0.0,0.0,0,0,0,0,0,0,0,0,0,0
TYR135D,0,0.0,0.0,0.0,0.0,0.0,0.0,0.0,0.0,0,0.0,0.0,0,0,0,0,0,0,0,0,0,0
ASP136D,0,0.0,0.0,0.0,0.0,0.0,0.0,0.0,0.0,0,0.0,0.0,0,0,0,0,0,0,0,0,0,0
LEU137D,0,0.0,0.0,0.0,0.0,0.0,0.0,0.0,0.0,0,0.0,0.0,0,0,0,0,0,0,0,0,0,0
ASN138D,0,0.0,0.0,0.0,0.0,0.0,0.0,0.0,0.0,0,0.0,0.0,0,0,0,0,0,0,0,0,0,0
LYS139D,0,0.0,0.0,0.0,0.0,0.0,0.0,0.0,0.0,0,0.0,0.0,0,0,0,0,0,0,0,0,0,0
ARG140D,0,0.0,0.0,0.0,0.0,0.0,0.0,0.0,0.0,0,0.0,0.0,0,0,0,0,0,0,0,0,0,0
GLN141D,0,0.0,0.0,0.0,0.0,0.0,0.0,0.0,0.0,0,0.0,0.0,0,0,0,0,0,0,0,0,0,0
LEU142D,0,0.0,0.0,0.0,0.0,0.0,0.0,0.0,0.0,0,0.0,0.0,0,0,0,0,0,0,0,0,0,0
ILE143D,0,0.0,0.0,0.0,0.0,0.0,0.0,0.0,0.0,0,0.0,0.0,0,0,0,0,0,0,0,0,0,0
THR144D,0,0.0,0.0,0.0,0.0,0.0,0.0,0.0,0.0,0,0.0,0.0,0,0,0,0,0,0,0,0,0,0
GLU145D,0,0.0,0.0,0.0,0.0,0.0,0.0,0.0,0.0,0,0.0,0.0,0,0,0,0,0,0,0,0,0,0
GLU146D,0,0.0,0.0,0.0,0.0,0.0,0.0,0.0,0.0,0,0.0,0.0,0,0,0,0,0,0,0,0,0,0
ARG147D,0,0.0,0.0,0.0,0.0,0.0,0.0,0.0,0.0,0,0.0,0.0,0,0,0,0,0,0,0,0,0,0
ILE148D,0,0.0,0.0,0.0,0.0,0.0,0.0,0.0,0.0,0,0.0,0.0,0,0,0,0,0,0,0,0,0,0
PRO149D,0,0.0,0.0,0.0,0.0,0.0,0.0,0.0,0.0,0,0.0,0.0,0,0,0,0,0,0,0,0,0,0
ASN150D,0,0.0,0.0,0.0,0.0,0.0,0.0,0.0,0.0,0,0.0,0.0,0,0,0,0,0,0,0,0,0,0
ASN151D,0,0.0,0.0,0.0,0.0,0.0,0.0,0.0,0.0,0,0.0,0.0,0,0,0,0,0,0,0,0,0,0
THR152D,0,0.0,0.0,0.0,0.0,0.0,0.0,0.0,0.0,0,0.0,0.0,0,0,0,0,0,0,0,0,0,0
GLN153D,0,0.0,0.0,0.0,0.0,0.0,0.0,0.0,0.0,0,0.0,0.0,0,0,0,0,0,0,0,0,0,0
TRP154D,0,0.0,0.0,0.0,0.0,0.0,0.0,0.0,0.0,0,0.0,0.0,0,0,0,0,0,0,0,0,0,0
ILE155D,0,0.0,0.0,0.0,0.0,0.0,0.0,0.0,0.0,0,0.0,0.0,0,0,0,0,0,0,0,0,0,0
THR156D,0,0.0,0.0,0.0,0.0,0.0,0.0,0.0,0.0,0,0.0,0.0,0,0,0,0,0,0,0,0,0,0
TRP157D,0,0.0,0.0,0.0,0.0,0.0,0.0,0.0,0.0,0,0.0,0.0,0,0,0,0,0,0,0,0,0,0
SER158D,0,0.0,0.0,0.0,0.0,0.0,0.0,0.0,0.0,0,0.0,0.0,0,0,0,0,0,0,0,0,0,0
PRO159D,0,0.0,0.0,0.0,0.0,0.0,0.0,0.0,0.0,0,0.0,0.0,0,0,0,0,0,0,0,0,0,0
VAL160D,0,0.0,0.0,0.0,0.0,0.0,0.0,0.0,0.0,0,0.0,0.0,0,0,0,0,0,0,0,0,0,0
GLY161D,0,0.0,0.0,0.0,0.0,0.0,0.0,0.0,0.0,0,0.0,0.0,0,0,0,0,0,0,0,0,0,0
HIS162D,0,0.0,0.0,0.0,0.0,0.0,0.0,0.0,0.0,0,0.0,0.0,0,0,0,0,0,0,0,0,0,0
LYS163D,0,0.0,0.0,0.0,0.0,0.0,0.0,0.0,0.0,0,0.0,0.0,0,0,0,0,0,0,0,0,0,0
LEU164D,0,0.0,0.0,0.0,0.0,0.0,0.0,0.0,0.0,0,0.0,0.0,0,0,0,0,0,0,0,0,0,0
ALA165D,0,0.0,0.0,0.0,0.0,0.0,0.0,0.0,0.0,0,0.0,0.0,0,0,0,0,0,0,0,0,0,0
TYR166D,0,0.0,0.0,0.0,0.0,0.0,0.0,0.0,0.0,0,0.0,0.0,0,0,0,0,0,0,0,0,0,0
VAL167D,0,0.0,0.0,0.0,0.0,0.0,0.0,0.0,0.0,0,0.0,0.0,0,0,0,0,0,0,0,0,0,0
TRP168D,0,0.0,0.0,0.0,0.0,0.0,0.0,0.0,0.0,0,0.0,0.0,0,0,0,0,0,0,0,0,0,0
ASN169D,0,0.0,0.0,0.0,0.0,0.0,0.0,0.0,0.0,0,0.0,0.0,0,0,0,0,0,0,0,0,0,0
ASN170D,0,0.0,0.0,0.0,0.0,0.0,0.0,0.0,0.0,0,0.0,0.0,0,0,0,0,0,0,0,0,0,0
ASP171D,0,0.0,0.0,0.0,0.0,0.0,0.0,0.0,0.0,0,0.0,0.0,0,0,0,0,0,0,0,0,0,0
ILE172D,0,0.0,0.0,0.0,0.0,0.0,0.0,0.0,0.0,0,0.0,0.0,0,0,0,0,0,0,0,0,0,0
TYR173D,0,0.0,0.0,0.0,0.0,0.0,0.0,0.0,0.0,0,0.0,0.0,0,0,0,0,0,0,0,0,0,0
VAL174D,0,0.0,0.0,0.0,0.0,0.0,0.0,0.0,0.0,0,0.0,0.0,0,0,0,0,0,0,0,0,0,0
LYS175D,0,0.0,0.0,0.0,0.0,0.0,0.0,0.0,0.0,0,0.0,0.0,0,0,0,0,0,0,0,0,0,0
ASN176D,0,0.0,0.0,0.0,0.0,0.0,0.0,0.0,0.0,0,0.0,0.0,0,0,0,0,0,0,0,0,0,0
GLU177D,0,0.0,0.0,0.0,0.0,0.0,0.0,0.0,0.0,0,0.0,0.0,0,0,0,0,0,0,0,0,0,0
PRO178D,0,0.0,0.0,0.0,0.0,0.0,0.0,0.0,0.0,0,0.0,0.0,0,0,0,0,0,0,0,0,0,0
ASN179D,0,0.0,0.0,0.0,0.0,0.0,0.0,0.0,0.0,0,0.0,0.0,0,0,0,0,0,0,0,0,0,0
LEU180D,0,0.0,0.0,0.0,0.0,0.0,0.0,0.0,0.0,0,0.0,0.0,0,0,0,0,0,0,0,0,0,0
SER181D,0,0.0,0.0,0.0,0.0,0.0,0.0,0.0,0.0,0,0.0,0.0,0,0,0,0,0,0,0,0,0,0
SER182D,0,0.0,0.0,0.0,0.0,0.0,0.0,0.0,0.0,0,0.0,0.0,0,0,0,0,0,0,0,0,0,0
GLN183D,0,0.0,0.0,0.0,0.0,0.0,0.0,0.0,0.0,0,0.0,0.0,0,0,0,0,0,0,0,0,0,0
ARG184D,0,0.0,0.0,0.0,0.0,0.0,0.0,0.0,0.0,0,0.0,0.0,0,0,0,0,0,0,0,0,0,0
ILE185D,0,0.0,0.0,0.0,0.0,0.0,0.0,0.0,0.0,0,0.0,0.0,0,0,0,0,0,0,0,0,0,0
THR186D,0,0.0,0.0,0.0,0.0,0.0,0.0,0.0,0.0,0,0.0,0.0,0,0,0,0,0,0,0,0,0,0
TRP187D,0,0.0,0.0,0.0,0.0,0.0,0.0,0.0,0.0,0,0.0,0.0,0,0,0,0,0,0,0,0,0,0
THR188D,0,0.0,0.0,0.0,0.0,0.0,0.0,0.0,0.0,0,0.0,0.0,0,0,0,0,0,0,0,0,0,0
GLY189D,0,0.0,0.0,0.0,0.0,0.0,0.0,0.0,0.0,0,0.0,0.0,0,0,0,0,0,0,0,0,0,0
LYS190D,0,0.0,0.0,0.0,0.0,0.0,0.0,0.0,0.0,0,0.0,0.0,0,0,0,0,0,0,0,0,0,0
GLU191D,0,0.0,0.0,0.0,0.0,0.0,0.0,0.0,0.0,0,0.0,0.0,0,0,0,0,0,0,0,0,0,0
ASN192D,0,0.0,0.0,0.0,0.0,0.0,0.0,0.0,0.0,0,0.0,0.0,0,0,0,0,0,0,0,0,0,0
VAL193D,0,0.0,0.0,0.0,0.0,0.0,0.0,0.0,0.0,0,0.0,0.0,0,0,0,0,0,0,0,0,0,0
ILE194D,0,0.0,0.0,0.0,0.0,0.0,0.0,0.0,0.0,0,0.0,0.0,0,0,0,0,0,0,0,0,0,0
TYR195D,0,0.0,0.0,0.0,0.0,0.0,0.0,0.0,0.0,0,0.0,0.0,0,0,0,0,0,0,0,0,0,0
ASN196D,0,0.0,0.0,0.0,0.0,0.0,0.0,0.0,0.0,0,0.0,0.0,0,0,0,0,0,0,0,0,0,0
GLY197D,0,0.0,0.0,0.0,0.0,0.0,0.0,0.0,0.0,0,0.0,0.0,0,0,0,0,0,0,0,0,0,0
VAL198D,0,0.0,0.0,0.0,0.0,0.0,0.0,0.0,0.0,0,0.0,0.0,0,0,0,0,0,0,0,0,0,0
THR199D,0,0.0,0.0,0.0,0.0,0.0,0.0,0.0,0.0,0,0.0,0.0,0,0,0,0,0,0,0,0,0,0
ASP200D,0,0.0,0.0,0.0,0.0,0.0,0.0,0.0,0.0,0,0.0,0.0,0,0,0,0,0,0,0,0,0,0
TRP201D,0,0.0,0.0,0.0,0.0,0.0,0.0,0.0,0.0,0,0.0,0.0,0,0,0,0,0,0,0,0,0,0
VAL202D,0,0.0,0.0,0.0,0.0,0.0,0.0,0.0,0.0,0,0.0,0.0,0,0,0,0,0,0,0,0,0,0
TYR203D,0,0.0,0.0,0.0,0.0,0.0,0.0,0.0,0.0,0,0.0,0.0,0,0,0,0,0,0,0,0,0,0
GLU204D,0,0.0,0.0,0.0,0.0,0.0,0.0,0.0,0.0,0,0.0,0.0,0,0,0,0,0,0,0,0,0,0
GLU205D,0,-0.008758658960999999,-0.023056982564000003,0.0,-0.031235492191000004,0.0,-0.037544610116,0.0,0.0,0,0.0,-0.027758415839999998,0,0,0,0,0,0,0,0,0,0
GLU206D,0,-0.001721787659,0.0,0.0026573106960000002,0.007469197632,0.00520689258,-0.025147597863000002,0.008582395356000002,0.007009111913,0,0.0,0.0,0,0,0,0,0,0,0,0,0,0
VAL207D,0,0.0,0.0,0.0,0.0,0.0,0.0,0.0,0.0,0,0.0,0.0,0,0,0,0,0,0,0,0,0,0
PHE208D,0,0.0,0.0,0.0,0.0,0.0,0.0,0.0,0.0,0,0.0,0.0,0,0,0,0,0,0,0,0,0,0
SER209D,0,0.0,0.0,0.0,0.00044733732300000003,0.0,0.179233154082,0.0,0.0,0,0.0,0.0,0,0,0,0,0,0,0,0,0,0
ALA210D,0,0.0,0.0,0.0,0.0,0.0,0.0,0.0,0.0,0,0.0,0.0,0,0,0,0,0,0,0,0,0,0
TYR211D,0,0.0,0.0,0.0,0.0,0.0,0.0,0.0,0.0,0,0.0,0.0,0,0,0,0,0,0,0,0,0,0
SER212D,0,0.0,0.0,0.0,0.0,0.0,0.0,0.0,0.0,0,0.0,0.0,0,0,0,0,0,0,0,0,0,0
ALA213D,0,0.0,0.0,0.0,0.0,0.0,0.0,0.0,0.0,0,0.0,0.0,0,0,0,0,0,0,0,0,0,0
LEU214D,0,0.0,0.0,0.0,0.0,0.0,0.0,0.0,0.0,0,0.0,0.0,0,0,0,0,0,0,0,0,0,0
TRP215D,0,0.0,0.0,0.0,0.0,0.0,0.0,0.0,0.0,0,0.0,0.0,0,0,0,0,0,0,0,0,0,0
TRP216D,0,0.0,0.0,0.0,0.0,0.0,0.0,0.0,0.0,0,0.0,0.0,0,0,0,0,0,0,0,0,0,0
SER217D,0,0.0,0.0,0.0,0.0,0.0,0.0,0.0,0.0,0,0.0,0.0,0,0,0,0,0,0,0,0,0,0
PRO218D,0,0.0,0.0,0.0,0.0,0.0,0.0,0.0,0.0,0,0.0,0.0,0,0,0,0,0,0,0,0,0,0
ASN219D,0,0.0,0.0,0.0,0.0,0.0,0.0,0.0,0.0,0,0.0,0.0,0,0,0,0,0,0,0,0,0,0
GLY220D,0,0.0,0.0,0.0,0.0,0.0,0.0,0.0,0.0,0,0.0,0.0,0,0,0,0,0,0,0,0,0,0
THR221D,0,0.0,0.0,0.0,0.0,0.0,0.0,0.0,0.0,0,0.0,0.0,0,0,0,0,0,0,0,0,0,0
PHE222D,0,0.0,0.0,0.0,0.0,0.0,0.0,0.0,0.0,0,0.0,0.0,0,0,0,0,0,0,0,0,0,0
LEU223D,0,0.0,0.0,0.0,0.0,0.0,0.0,0.0,0.0,0,0.0,0.0,0,0,0,0,0,0,0,0,0,0
ALA224D,0,0.0,0.0,0.0,0.0,0.0,0.0,0.0,0.0,0,0.0,0.0,0,0,0,0,0,0,0,0,0,0
TYR225D,0,0.0,0.0,0.0,0.0,0.0,0.0,0.0,0.0,0,0.0,0.0,0,0,0,0,0,0,0,0,0,0
ALA226D,0,0.0,0.0,0.0,0.0,0.0,0.0,0.0,0.0,0,0.0,0.0,0,0,0,0,0,0,0,0,0,0
GLN227D,0,0.0,0.0,0.0,0.0,0.0,0.0,0.0,0.0,0,0.0,0.0,0,0,0,0,0,0,0,0,0,0
PHE228D,0,0.0,0.0,0.0,0.0,0.0,0.0,0.0,0.0,0,0.0,0.0,0,0,0,0,0,0,0,0,0,0
ASN229D,0,0.0,0.0,0.0,0.0,0.0,0.0,0.0,0.0,0,0.0,0.0,0,0,0,0,0,0,0,0,0,0
ASP230D,0,0.0,0.0,0.0,0.0,0.0,0.0,0.0,0.0,0,0.0,0.0,0,0,0,0,0,0,0,0,0,0
THR231D,0,0.0,0.0,0.0,0.0,0.0,0.0,0.0,0.0,0,0.0,0.0,0,0,0,0,0,0,0,0,0,0
GLU232D,0,0.0,0.0,0.0,0.0,0.0,0.0,0.0,0.0,0,0.0,0.0,0,0,0,0,0,0,0,0,0,0
VAL233D,0,0.0,0.0,0.0,0.0,0.0,0.0,0.0,0.0,0,0.0,0.0,0,0,0,0,0,0,0,0,0,0
PRO234D,0,0.0,0.0,0.0,0.0,0.0,0.0,0.0,0.0,0,0.0,0.0,0,0,0,0,0,0,0,0,0,0
LEU235D,0,0.0,0.0,0.0,0.0,0.0,0.0,0.0,0.0,0,0.0,0.0,0,0,0,0,0,0,0,0,0,0
ILE236D,0,0.0,0.0,0.0,0.0,0.0,0.0,0.0,0.0,0,0.0,0.0,0,0,0,0,0,0,0,0,0,0
GLU237D,0,0.0,0.0,0.0,0.0,0.0,0.0,0.0,0.0,0,0.0,0.0,0,0,0,0,0,0,0,0,0,0
TYR238D,0,0.0,0.0,0.0,0.0,0.0,0.0,0.0,0.0,0,0.0,0.0,0,0,0,0,0,0,0,0,0,0
SER239D,0,0.0,0.0,0.0,0.0,0.0,0.0,0.0,0.0,0,0.0,0.0,0,0,0,0,0,0,0,0,0,0
PHE240D,0,0.0,0.0,0.0,0.0,0.0,0.0,0.0,0.0,0,0.0,0.0,0,0,0,0,0,0,0,0,0,0
TYR241D,0,0.0,0.0,0.0,0.0,0.0,0.0,0.0,0.0,0,0.0,0.0,0,0,0,0,0,0,0,0,0,0
SER242D,0,0.0,0.0,0.0,0.0,0.0,0.0,0.0,0.0,0,0.0,0.0,0,0,0,0,0,0,0,0,0,0
ASP243D,0,0.0,0.0,0.0,0.0,0.0,0.0,0.0,0.0,0,0.0,0.0,0,0,0,0,0,0,0,0,0,0
GLU244D,0,0.0,0.0,0.0,0.0,0.0,0.0,0.0,0.0,0,0.0,0.0,0,0,0,0,0,0,0,0,0,0
SER245D,0,0.0,0.0,0.0,0.0,0.0,0.0,0.0,0.0,0,0.0,0.0,0,0,0,0,0,0,0,0,0,0
LEU246D,0,0.0,0.0,0.0,0.0,0.0,0.0,0.0,0.0,0,0.0,0.0,0,0,0,0,0,0,0,0,0,0
GLN247D,0,0.0,0.0,0.0,0.0,0.0,0.0,0.0,0.0,0,0.0,0.0,0,0,0,0,0,0,0,0,0,0
TYR248D,0,0.0,0.0,0.0,0.0,0.0,0.0,0.0,0.0,0,0.0,0.0,0,0,0,0,0,0,0,0,0,0
PRO249D,0,0.0,0.0,0.0,0.0,0.0,0.0,0.0,0.0,0,0.0,0.0,0,0,0,0,0,0,0,0,0,0
LYS250D,0,0.0,0.0,0.0,0.0,0.0,0.0,0.0,0.0,0,0.0,0.0,0,0,0,0,0,0,0,0,0,0
THR251D,0,0.0,0.0,0.0,0.0,0.0,0.0,0.0,0.0,0,0.0,0.0,0,0,0,0,0,0,0,0,0,0
VAL252D,0,0.0,0.0,0.0,0.0,0.0,0.0,0.0,0.0,0,0.0,0.0,0,0,0,0,0,0,0,0,0,0
ARG253D,0,0.0,0.0,0.0,0.0,0.0,0.0,0.0,0.0,0,0.0,0.0,0,0,0,0,0,0,0,0,0,0
ILE254D,0,0.0,0.0,0.0,0.0,0.0,0.0,0.0,0.0,0,0.0,0.0,0,0,0,0,0,0,0,0,0,0
PRO255D,0,0.0,0.0,0.0,0.0,0.0,0.0,0.0,0.0,0,0.0,0.0,0,0,0,0,0,0,0,0,0,0
TYR256D,0,0.0,0.0,0.0,0.0,0.0,0.0,0.0,0.0,0,0.0,0.0,0,0,0,0,0,0,0,0,0,0
PRO257D,0,0.0,0.0,0.0,0.0,0.0,0.0,0.0,0.0,0,0.0,0.0,0,0,0,0,0,0,0,0,0,0
LYS258D,0,0.0,0.0,0.0,0.0,0.0,0.0,0.0,0.0,0,0.0,0.0,0,0,0,0,0,0,0,0,0,0
ALA259D,0,0.0,0.0,0.0,0.0,0.0,0.0,0.0,0.0,0,0.0,0.0,0,0,0,0,0,0,0,0,0,0
GLY260D,0,0.0,0.0,0.0,0.0,0.0,0.0,0.0,0.0,0,0.0,0.0,0,0,0,0,0,0,0,0,0,0
ALA261D,0,0.0,0.0,0.0,0.0,0.0,0.0,0.0,0.0,0,0.0,0.0,0,0,0,0,0,0,0,0,0,0
GLU262D,0,0.0,0.0,0.0,0.0,0.0,0.0,0.0,0.0,0,0.0,0.0,0,0,0,0,0,0,0,0,0,0
ASN263D,0,0.0,0.0,0.0,0.0,0.0,0.0,0.0,0.0,0,0.0,0.0,0,0,0,0,0,0,0,0,0,0
PRO264D,0,0.0,0.0,0.0,0.0,0.0,0.0,0.0,0.0,0,0.0,0.0,0,0,0,0,0,0,0,0,0,0
THR265D,0,0.0,0.0,0.0,0.0,0.0,0.0,0.0,0.0,0,0.0,0.0,0,0,0,0,0,0,0,0,0,0
VAL266D,0,0.0,0.0,0.0,0.0,0.0,0.0,0.0,0.0,0,0.0,0.0,0,0,0,0,0,0,0,0,0,0
LYS267D,0,0.0,0.0,0.0,0.0,0.0,0.0,0.0,0.0,0,0.0,0.0,0,0,0,0,0,0,0,0,0,0
PHE268D,0,0.0,0.0,0.0,0.0,0.0,0.0,0.0,0.0,0,0.0,0.0,0,0,0,0,0,0,0,0,0,0
PHE269D,0,0.0,0.0,0.0,0.0,0.0,0.0,0.0,0.0,0,0.0,0.0,0,0,0,0,0,0,0,0,0,0
VAL270D,0,0.0,0.0,0.0,0.0,0.0,0.0,0.0,0.0,0,0.0,0.0,0,0,0,0,0,0,0,0,0,0
VAL271D,0,0.0,0.0,0.0,0.0,0.0,0.0,0.0,0.0,0,0.0,0.0,0,0,0,0,0,0,0,0,0,0
ASP272D,0,0.0,0.0,0.0,0.0,0.0,0.0,0.0,0.0,0,0.0,0.0,0,0,0,0,0,0,0,0,0,0
THR273D,0,0.0,0.0,0.0,0.0,0.0,0.0,0.0,0.0,0,0.0,0.0,0,0,0,0,0,0,0,0,0,0
ARG274D,0,0.0,0.0,0.0,0.0,0.0,0.0,0.0,0.0,0,0.0,0.0,0,0,0,0,0,0,0,0,0,0
THR275D,0,0.0,0.0,0.0,0.0,0.0,0.0,0.0,0.0,0,0.0,0.0,0,0,0,0,0,0,0,0,0,0
LEU276D,0,0.0,0.0,0.0,0.0,0.0,0.0,0.0,0.0,0,0.0,0.0,0,0,0,0,0,0,0,0,0,0
SER277D,0,0.0,0.0,0.0,0.0,0.0,0.0,0.0,0.0,0,0.0,0.0,0,0,0,0,0,0,0,0,0,0
PRO278D,0,0.0,0.0,0.0,0.0,0.0,0.0,0.0,0.0,0,0.0,0.0,0,0,0,0,0,0,0,0,0,0
ASN279D,0,0.0,0.0,0.0,0.0,0.0,0.0,0.0,0.0,0,0.0,0.0,0,0,0,0,0,0,0,0,0,0
ALA280D,0,0.0,0.0,0.0,0.0,0.0,0.0,0.0,0.0,0,0.0,0.0,0,0,0,0,0,0,0,0,0,0
SER281D,0,0.0,0.0,0.0,0.0,0.0,0.0,0.0,0.0,0,0.0,0.0,0,0,0,0,0,0,0,0,0,0
VAL282D,0,0.0,0.0,0.0,0.0,0.0,0.0,0.0,0.0,0,0.0,0.0,0,0,0,0,0,0,0,0,0,0
THR283D,0,0.0,0.0,0.0,0.0,0.0,0.0,0.0,0.0,0,0.0,0.0,0,0,0,0,0,0,0,0,0,0
SER284D,0,0.0,0.0,0.0,0.0,0.0,0.0,0.0,0.0,0,0.0,0.0,0,0,0,0,0,0,0,0,0,0
TYR285D,0,0.0,0.0,0.0,0.0,0.0,0.0,0.0,0.0,0,0.0,0.0,0,0,0,0,0,0,0,0,0,0
GLN286D,0,0.0,0.0,0.0,0.0,0.0,0.0,0.0,0.0,0,0.0,0.0,0,0,0,0,0,0,0,0,0,0
ILE287D,0,0.0,0.0,0.0,0.0,0.0,0.0,0.0,0.0,0,0.0,0.0,0,0,0,0,0,0,0,0,0,0
VAL288D,0,0.0,0.0,0.0,0.0,0.0,0.0,0.0,0.0,0,0.0,0.0,0,0,0,0,0,0,0,0,0,0
PRO289D,0,0.0,0.0,0.0,0.0,0.0,0.0,0.0,0.0,0,0.0,0.0,0,0,0,0,0,0,0,0,0,0
PRO290D,0,0.0,0.0,0.0,0.0,0.0,0.0,0.0,0.0,0,0.0,0.0,0,0,0,0,0,0,0,0,0,0
ALA291D,0,0.0,0.0,0.0,0.0,0.0,0.0,0.0,0.0,0,0.0,0.0,0,0,0,0,0,0,0,0,0,0
SER292D,0,0.0,0.0,0.0,0.0,0.0,0.0,0.0,0.0,0,0.0,0.0,0,0,0,0,0,0,0,0,0,0
VAL293D,0,0.0,0.0,0.0,0.0,0.0,0.0,0.0,0.0,0,0.0,0.0,0,0,0,0,0,0,0,0,0,0
LEU294D,0,0.0,0.0,0.0,0.0,0.0,0.0,0.0,0.0,0,0.0,0.0,0,0,0,0,0,0,0,0,0,0
ILE295D,0,0.0,0.0,0.0,0.0,0.0,0.0,0.0,0.0,0,0.0,0.0,0,0,0,0,0,0,0,0,0,0
GLY296D,0,0.0,0.0,0.0,0.0,0.0,0.0,0.0,0.0,0,0.0,0.0,0,0,0,0,0,0,0,0,0,0
ASP297D,0,0.0,0.0,0.0,0.0,0.0,0.0,0.0,0.0,0,0.0,0.0,0,0,0,0,0,0,0,0,0,0
HIS298D,0,0.0,0.0,0.0,0.0,0.0,0.0,0.0,0.0,0,0.0,0.0,0,0,0,0,0,0,0,0,0,0
TYR299D,0,0.0,0.0,0.0,0.0,0.0,0.0,0.0,0.0,0,0.0,0.0,0,0,0,0,0,0,0,0,0,0
LEU300D,0,0.0,0.0,0.0,0.0,0.0,0.0,0.0,0.0,0,0.0,0.0,0,0,0,0,0,0,0,0,0,0
CYS301D,0,0.0,0.0,0.0,0.0,0.0,0.0,0.0,0.0,0,0.0,0.0,0,0,0,0,0,0,0,0,0,0
GLY302D,0,0.0,0.0,0.0,0.0,0.0,0.0,0.0,0.0,0,0.0,0.0,0,0,0,0,0,0,0,0,0,0
VAL303D,0,0.0,0.0,0.0,0.0,0.0,0.0,0.0,0.0,0,0.0,0.0,0,0,0,0,0,0,0,0,0,0
THR304D,0,0.0,0.0,0.0,0.0,0.0,0.0,0.0,0.0,0,0.0,0.0,0,0,0,0,0,0,0,0,0,0
TRP305D,0,0.0,0.0,0.0,0.0,0.0,0.0,0.0,0.0,0,0.0,0.0,0,0,0,0,0,0,0,0,0,0
VAL306D,0,0.0,0.0,0.0,0.0,0.0,0.0,0.0,0.0,0,0.0,0.0,0,0,0,0,0,0,0,0,0,0
THR307D,0,0.0,0.0,0.0,0.0,0.0,0.0,0.0,0.0,0,0.0,0.0,0,0,0,0,0,0,0,0,0,0
GLU308D,0,0.0,0.0,0.0,0.0,0.0,0.0,0.0,0.0,0,0.0,0.0,0,0,0,0,0,0,0,0,0,0
GLU309D,0,0.0,0.0,0.0,0.0,0.0,0.0,0.0,0.0,0,0.0,0.0,0,0,0,0,0,0,0,0,0,0
ARG310D,0,0.0,0.0,0.0,0.0,0.0,0.0,0.0,0.0,0,0.0,0.0,0,0,0,0,0,0,0,0,0,0
ILE311D,0,0.0,0.0,0.0,0.0,0.0,0.0,0.0,0.0,0,0.0,0.0,0,0,0,0,0,0,0,0,0,0
SER312D,0,0.0,0.0,0.0,0.0,0.0,0.0,0.0,0.0,0,0.0,0.0,0,0,0,0,0,0,0,0,0,0
LEU313D,0,0.0,0.0,0.0,0.0,0.0,0.0,0.0,0.0,0,0.0,0.0,0,0,0,0,0,0,0,0,0,0
GLN314D,0,0.0,0.0,0.0,0.0,0.0,0.0,0.0,0.0,0,0.0,0.0,0,0,0,0,0,0,0,0,0,0
TRP315D,0,0.0,0.0,0.0,0.0,0.0,0.0,0.0,0.0,0,0.0,0.0,0,0,0,0,0,0,0,0,0,0
ILE316D,0,0.0,0.0,0.0,0.0,0.0,0.0,0.0,0.0,0,0.0,0.0,0,0,0,0,0,0,0,0,0,0
ARG317D,0,0.0,0.0,0.0,0.0,0.0,0.0,0.0,0.0,0,0.0,0.0,0,0,0,0,0,0,0,0,0,0
ARG318D,0,0.0,0.0,0.0,0.0,0.0,0.0,0.0,0.0,0,0.0,0.0,0,0,0,0,0,0,0,0,0,0
ALA319D,0,0.0,0.0,0.0,0.0,0.0,0.0,0.0,0.0,0,0.0,0.0,0,0,0,0,0,0,0,0,0,0
GLN320D,0,0.0,0.0,0.0,0.0,0.0,0.0,0.0,0.0,0,0.0,0.0,0,0,0,0,0,0,0,0,0,0
ASN321D,0,0.0,0.0,0.0,0.0,0.0,0.0,0.0,0.0,0,0.0,0.0,0,0,0,0,0,0,0,0,0,0
TYR322D,0,0.0,0.0,0.0,0.0,0.0,0.0,0.0,0.0,0,0.0,0.0,0,0,0,0,0,0,0,0,0,0
SER323D,0,0.0,0.0,0.0,0.0,0.0,0.0,0.0,0.0,0,0.0,0.0,0,0,0,0,0,0,0,0,0,0
ILE324D,0,0.0,0.0,0.0,0.0,0.0,0.0,0.0,0.0,0,0.0,0.0,0,0,0,0,0,0,0,0,0,0
ILE325D,0,0.0,0.0,0.0,0.0,0.0,0.0,0.0,0.0,0,0.0,0.0,0,0,0,0,0,0,0,0,0,0
ASP326D,0,0.0,0.0,0.0,0.0,0.0,0.0,0.0,0.0,0,0.0,0.0,0,0,0,0,0,0,0,0,0,0
ILE327D,0,0.0,0.0,0.0,0.0,0.0,0.0,0.0,0.0,0,0.0,0.0,0,0,0,0,0,0,0,0,0,0
CYS328D,0,0.0,0.0,0.0,0.0,0.0,0.0,0.0,0.0,0,0.0,0.0,0,0,0,0,0,0,0,0,0,0
ASP329D,0,0.0,0.0,0.0,0.0,0.0,0.0,0.0,0.0,0,0.0,0.0,0,0,0,0,0,0,0,0,0,0
TYR330D,0,0.0,0.0,0.0,0.0,0.0,0.0,0.0,0.0,0,0.0,0.0,0,0,0,0,0,0,0,0,0,0
ASP331D,0,0.0,0.0,0.0,0.0,0.0,0.0,0.0,0.0,0,0.0,0.0,0,0,0,0,0,0,0,0,0,0
GLU332D,0,0.0,0.0,0.0,0.0,0.0,0.0,0.0,0.0,0,0.0,0.0,0,0,0,0,0,0,0,0,0,0
SER333D,0,0.0,0.0,0.0,0.0,0.0,0.0,0.0,0.0,0,0.0,0.0,0,0,0,0,0,0,0,0,0,0
THR334D,0,0.0,0.0,0.0,0.0,0.0,0.0,0.0,0.0,0,0.0,0.0,0,0,0,0,0,0,0,0,0,0
GLY335D,0,0.0,0.0,0.0,0.0,0.0,0.0,0.0,0.0,0,0.0,0.0,0,0,0,0,0,0,0,0,0,0
ARG336D,0,0.0,0.0,0.0,0.0,0.0,0.0,0.0,0.0,0,0.0,0.0,0,0,0,0,0,0,0,0,0,0
TRP337D,0,0.0,0.0,0.0,0.0,0.0,0.0,0.0,0.0,0,0.0,0.0,0,0,0,0,0,0,0,0,0,0
ILE338D,0,0.0,0.0,0.0,0.0,0.0,0.0,0.0,0.0,0,0.0,0.0,0,0,0,0,0,0,0,0,0,0
SER339D,0,0.0,0.0,0.0,0.0,0.0,0.0,0.0,0.0,0,0.0,0.0,0,0,0,0,0,0,0,0,0,0
SER340D,0,0.0,0.0,0.0,0.0,0.0,0.0,0.0,0.0,0,0.0,0.0,0,0,0,0,0,0,0,0,0,0
VAL341D,0,0.0,0.0,0.0,0.0,0.0,0.0,0.0,0.0,0,0.0,0.0,0,0,0,0,0,0,0,0,0,0
ALA342D,0,0.0,0.0,0.0,0.0,0.0,0.0,0.0,0.0,0,0.0,0.0,0,0,0,0,0,0,0,0,0,0
ARG343D,0,0.0,0.0,0.0,0.0,0.0,0.0,0.0,0.0,0,0.0,0.0,0,0,0,0,0,0,0,0,0,0
GLN344D,0,0.0,0.0,0.0,0.0,0.0,0.0,0.0,0.0,0,0.0,0.0,0,0,0,0,0,0,0,0,0,0
HIS345D,0,0.0,0.0,0.0,0.0,0.0,0.0,0.0,0.0,0,0.0,0.0,0,0,0,0,0,0,0,0,0,0
ILE346D,0,0.0,0.0,0.0,0.0,0.0,0.0,0.0,0.0,0,0.0,0.0,0,0,0,0,0,0,0,0,0,0
GLU347D,0,0.0,0.0,0.0,0.0,0.0,0.0,0.0,0.0,0,0.0,0.0,0,0,0,0,0,0,0,0,0,0
ILE348D,0,0.0,0.0,0.0,0.0,0.0,0.0,0.0,0.0,0,0.0,0.0,0,0,0,0,0,0,0,0,0,0
SER349D,0,0.0,0.0,0.0,0.0,0.0,0.0,0.0,0.0,0,0.0,0.0,0,0,0,0,0,0,0,0,0,0
THR350D,0,0.0,0.0,0.0,0.0,0.0,0.0,0.0,0.0,0,0.0,0.0,0,0,0,0,0,0,0,0,0,0
THR351D,0,0.0,0.0,0.0,0.0,0.0,0.0,0.0,0.0,0,0.0,0.0,0,0,0,0,0,0,0,0,0,0
GLY352D,0,0.0,0.0,0.0,0.0,0.0,0.0,0.0,0.0,0,0.0,0.0,0,0,0,0,0,0,0,0,0,0
TRP353D,0,0.0,0.0,0.0,0.0,0.0,0.0,0.0,0.0,0,0.0,0.0,0,0,0,0,0,0,0,0,0,0
VAL354D,0,0.0,0.0,0.0,0.0,0.0,0.0,0.0,0.0,0,0.0,0.0,0,0,0,0,0,0,0,0,0,0
GLY355D,0,0.0,0.0,0.0,0.0,0.0,0.0,0.0,0.0,0,0.0,0.0,0,0,0,0,0,0,0,0,0,0
ARG356D,0,0.0,0.0,0.0,0.0,0.0,0.0,0.0,0.0,0,0.0,0.0,0,0,0,0,0,0,0,0,0,0
PHE357D,0,0.0,0.0,0.0,0.0,-0.29078020800000004,0.0,-0.9273464980220001,-0.00109042578,0,0.0,0.0,0,0,0,0,0,0,0,0,0,0
ARG358D,0,0.0,0.0,0.0,0.0,0.0,-0.06334249782000001,0.0,-0.02262232065,0,0.0,0.0,0,0,0,0,0,0,0,0,0,0
PRO359D,0,0.0,0.0,0.0,0.0,0.0,0.0,0.0,0.0,0,0.0,0.0,0,0,0,0,0,0,0,0,0,0
ALA360D,0,0.0,0.0,0.0,0.0,0.0,0.0,0.0,0.0,0,0.0,0.0,0,0,0,0,0,0,0,0,0,0
GLU361D,0,0.0,0.0,0.0,0.0,0.0,0.0,0.0,0.0,0,0.0,0.0,0,0,0,0,0,0,0,0,0,0
PRO362D,0,0.0,0.0,0.0,0.0,0.0,0.0,0.0,0.0,0,0.0,0.0,0,0,0,0,0,0,0,0,0,0
HIS363D,0,0.0,0.0,0.0,0.0,0.0,0.0,0.0,0.0,0,0.0,0.0,0,0,0,0,0,0,0,0,0,0
PHE364D,0,0.0,0.0,0.0,0.0,0.0,0.0,0.0,0.0,0,0.0,0.0,0,0,0,0,0,0,0,0,0,0
THR365D,0,0.0,0.0,0.0,0.0,0.0,0.0,0.0,0.0,0,0.0,0.0,0,0,0,0,0,0,0,0,0,0
SER366D,0,0.0,0.0,0.0,0.0,0.0,0.0,0.0,0.0,0,0.0,0.0,0,0,0,0,0,0,0,0,0,0
ASP367D,0,0.0,0.0,0.0,0.0,0.0,0.0,0.0,0.0,0,0.0,0.0,0,0,0,0,0,0,0,0,0,0
GLY368D,0,0.0,0.0,0.0,0.0,0.0,0.0,0.0,0.0,0,0.0,0.0,0,0,0,0,0,0,0,0,0,0
ASN369D,0,0.0,0.0,0.0,0.0,0.0,0.0,0.0,0.0,0,0.0,0.0,0,0,0,0,0,0,0,0,0,0
SER370D,0,0.0,0.0,0.0,0.0,0.0,0.0,0.0,0.0,0,0.0,0.0,0,0,0,0,0,0,0,0,0,0
PHE371D,0,0.0,0.0,0.0,0.0,0.0,0.0,0.0,0.0,0,0.0,0.0,0,0,0,0,0,0,0,0,0,0
TYR372D,0,0.0,0.0,0.0,0.0,0.0,0.0,0.0,0.0,0,0.0,0.0,0,0,0,0,0,0,0,0,0,0
LYS373D,0,0.0,0.0,0.0,0.0,0.0,0.0,0.0,0.0,0,0.0,0.0,0,0,0,0,0,0,0,0,0,0
ILE374D,0,0.0,0.0,0.0,0.0,0.0,0.0,0.0,0.0,0,0.0,0.0,0,0,0,0,0,0,0,0,0,0
ILE375D,0,0.0,0.0,0.0,0.0,0.0,0.0,0.0,0.0,0,0.0,0.0,0,0,0,0,0,0,0,0,0,0
SER376D,0,0.0,0.0,0.0,0.0,0.0,0.0,0.0,0.0,0,0.0,0.0,0,0,0,0,0,0,0,0,0,0
ASN377D,0,0.0,0.0,0.0,0.0,0.0,0.0,0.0,0.0,0,0.0,0.0,0,0,0,0,0,0,0,0,0,0
GLU378D,0,0.0,0.0,0.0,0.0,0.0,0.0,0.0,0.0,0,0.0,0.0,0,0,0,0,0,0,0,0,0,0
GLU379D,0,0.0,0.0,0.0,0.0,0.0,0.0,0.0,0.0,0,0.0,0.0,0,0,0,0,0,0,0,0,0,0
GLY380D,0,0.0,0.0,0.0,0.0,0.0,0.0,0.0,0.0,0,0.0,0.0,0,0,0,0,0,0,0,0,0,0
TYR381D,0,0.0,0.0,0.0,0.0,0.0,0.0,0.0,0.0,0,0.0,0.0,0,0,0,0,0,0,0,0,0,0
LYS382D,0,0.0,0.0,0.0,0.0,0.0,0.0,0.0,0.0,0,0.0,0.0,0,0,0,0,0,0,0,0,0,0
HIS383D,0,0.0,0.0,0.0,0.0,0.0,0.0,0.0,0.0,0,0.0,0.0,0,0,0,0,0,0,0,0,0,0
ILE384D,0,0.0,0.0,0.0,0.0,0.0,0.0,0.0,0.0,0,0.0,0.0,0,0,0,0,0,0,0,0,0,0
CYS385D,0,0.0,0.0,0.0,0.0,0.0,0.0,0.0,0.0,0,0.0,0.0,0,0,0,0,0,0,0,0,0,0
HIS386D,0,0.0,0.0,0.0,0.0,0.0,0.0,0.0,0.0,0,0.0,0.0,0,0,0,0,0,0,0,0,0,0
PHE387D,0,0.0,0.0,0.0,0.0,0.0,0.0,0.0,0.0,0,0.0,0.0,0,0,0,0,0,0,0,0,0,0
GLN388D,0,0.0,0.0,0.0,0.0,0.0,0.0,0.0,0.0,0,0.0,0.0,0,0,0,0,0,0,0,0,0,0
THR389D,0,0.0,0.0,0.0,0.0,0.0,0.0,0.0,0.0,0,0.0,0.0,0,0,0,0,0,0,0,0,0,0
ASP390D,0,0.0,0.0,0.0,0.0,0.0,0.0,0.0,0.0,0,0.0,0.0,0,0,0,0,0,0,0,0,0,0
LYS391D,0,0.0,0.0,0.0,0.0,0.0,0.0,0.0,0.0,0,0.0,0.0,0,0,0,0,0,0,0,0,0,0
SER392D,0,0.0,0.0,0.0,0.0,0.0,0.0,0.0,0.0,0,0.0,0.0,0,0,0,0,0,0,0,0,0,0
ASN393D,0,0.0,0.0,0.0,0.0,0.0,0.0,0.0,0.0,0,0.0,0.0,0,0,0,0,0,0,0,0,0,0
CYS394D,0,0.0,0.0,0.0,0.0,0.0,0.0,0.0,0.0,0,0.0,0.0,0,0,0,0,0,0,0,0,0,0
THR395D,0,0.0,0.0,0.0,0.0,0.0,0.0,0.0,0.0,0,0.0,0.0,0,0,0,0,0,0,0,0,0,0
PHE396D,0,0.0,0.0,0.0,0.0,0.0,0.0,0.0,0.0,0,0.0,0.0,0,0,0,0,0,0,0,0,0,0
ILE397D,0,0.0,0.0,0.0,0.0,0.0,0.0,0.0,0.0,0,0.0,0.0,0,0,0,0,0,0,0,0,0,0
THR398D,0,0.0,0.0,0.0,0.0,0.0,0.0,0.0,0.0,0,0.0,0.0,0,0,0,0,0,0,0,0,0,0
LYS399D,0,0.0,0.0,0.0,0.0,0.0,0.0,0.0,0.0,0,0.0,0.0,0,0,0,0,0,0,0,0,0,0
GLY400D,0,0.0,0.0,0.0,0.0,0.0,0.0,0.0,0.0,0,0.0,0.0,0,0,0,0,0,0,0,0,0,0
ALA401D,0,0.0,0.0,0.0,0.0,0.0,0.0,0.0,0.0,0,0.0,0.0,0,0,0,0,0,0,0,0,0,0
TRP402D,0,0.0,0.0,0.0,0.0,0.0,0.0,0.0,0.0,0,0.0,0.0,0,0,0,0,0,0,0,0,0,0
GLU403D,0,0.0,0.0,0.0,0.0,0.0,0.0,0.0,0.0,0,0.0,0.0,0,0,0,0,0,0,0,0,0,0
VAL404D,0,0.0,0.0,0.0,0.0,0.0,0.0,0.0,0.0,0,0.0,0.0,0,0,0,0,0,0,0,0,0,0
ILE405D,0,0.0,0.0,0.0,0.0,0.0,0.0,0.0,0.0,0,0.0,0.0,0,0,0,0,0,0,0,0,0,0
GLY406D,0,0.0,0.0,0.0,0.0,0.0,0.0,0.0,0.0,0,0.0,0.0,0,0,0,0,0,0,0,0,0,0
ILE407D,0,0.0,0.0,0.0,0.0,0.0,0.0,0.0,0.0,0,0.0,0.0,0,0,0,0,0,0,0,0,0,0
GLU408D,0,0.0,0.0,0.0,0.0,0.0,0.0,0.0,0.0,0,0.0,0.0,0,0,0,0,0,0,0,0,0,0
ALA409D,0,0.0,0.0,0.0,0.0,0.0,0.0,0.0,0.0,0,0.0,0.0,0,0,0,0,0,0,0,0,0,0
LEU410D,0,0.0,0.0,0.0,0.0,0.0,0.0,0.0,0.0,0,0.0,0.0,0,0,0,0,0,0,0,0,0,0
THR411D,0,0.0,0.0,0.0,0.0,0.0,0.0,0.0,0.0,0,0.0,0.0,0,0,0,0,0,0,0,0,0,0
SER412D,0,0.0,0.0,0.0,0.0,0.0,0.0,0.0,0.0,0,0.0,0.0,0,0,0,0,0,0,0,0,0,0
ASP413D,0,0.0,0.0,0.0,0.0,0.0,0.0,0.0,0.0,0,0.0,0.0,0,0,0,0,0,0,0,0,0,0
TYR414D,0,0.0,0.0,0.0,0.0,0.0,0.0,0.0,0.0,0,0.0,0.0,0,0,0,0,0,0,0,0,0,0
LEU415D,0,0.0,0.0,0.0,0.0,0.0,0.0,0.0,0.0,0,0.0,0.0,0,0,0,0,0,0,0,0,0,0
TYR416D,0,0.0,0.0,0.0,0.0,0.0,0.0,0.0,0.0,0,0.0,0.0,0,0,0,0,0,0,0,0,0,0
TYR417D,0,0.0,0.0,0.0,0.0,0.0,0.0,0.0,0.0,0,0.0,0.0,0,0,0,0,0,0,0,0,0,0
ILE418D,0,0.0,0.0,0.0,0.0,0.0,0.0,0.0,0.0,0,0.0,0.0,0,0,0,0,0,0,0,0,0,0
SER419D,0,0.0,0.0,0.0,0.0,0.0,0.0,0.0,0.0,0,0.0,0.0,0,0,0,0,0,0,0,0,0,0
ASN420D,0,0.0,0.0,0.0,0.0,0.0,0.0,0.0,0.0,0,0.0,0.0,0,0,0,0,0,0,0,0,0,0
GLU421D,0,0.0,0.0,0.0,0.0,0.0,0.0,0.0,0.0,0,0.0,0.0,0,0,0,0,0,0,0,0,0,0
HIS422D,0,0.0,0.0,0.0,0.0,0.0,0.0,0.0,0.0,0,0.0,0.0,0,0,0,0,0,0,0,0,0,0
LYS423D,0,0.0,0.0,0.0,0.0,0.0,0.0,0.0,0.0,0,0.0,0.0,0,0,0,0,0,0,0,0,0,0
GLY424D,0,0.0,0.0,0.0,0.0,0.0,0.0,0.0,0.0,0,0.0,0.0,0,0,0,0,0,0,0,0,0,0
MET425D,0,0.0,0.0,0.0,0.0,0.0,0.0,0.0,0.0,0,0.0,0.0,0,0,0,0,0,0,0,0,0,0
PRO426D,0,0.0,0.0,0.0,0.0,0.0,0.0,0.0,0.0,0,0.0,0.0,0,0,0,0,0,0,0,0,0,0
GLY427D,0,0.0,0.0,0.0,0.0,0.0,0.0,0.0,0.0,0,0.0,0.0,0,0,0,0,0,0,0,0,0,0
GLY428D,0,0.0,0.0,0.0,0.0,0.0,0.0,0.0,0.0,0,0.0,0.0,0,0,0,0,0,0,0,0,0,0
ARG429D,0,0.0,0.0,0.0,0.0,0.0,0.0,0.0,0.0,0,0.0,0.0,0,0,0,0,0,0,0,0,0,0
ASN430D,0,0.0,0.0,0.0,0.0,0.0,0.0,0.0,0.0,0,0.0,0.0,0,0,0,0,0,0,0,0,0,0
LEU431D,0,0.0,0.0,0.0,0.0,0.0,0.0,0.0,0.0,0,0.0,0.0,0,0,0,0,0,0,0,0,0,0
TYR432D,0,0.0,0.0,0.0,0.0,0.0,0.0,0.0,0.0,0,0.0,0.0,0,0,0,0,0,0,0,0,0,0
ARG433D,0,0.0,0.0,0.0,0.0,0.0,0.0,0.0,0.0,0,0.0,0.0,0,0,0,0,0,0,0,0,0,0
ILE434D,0,0.0,0.0,0.0,0.0,0.0,0.0,0.0,0.0,0,0.0,0.0,0,0,0,0,0,0,0,0,0,0
GLN435D,0,0.0,0.0,0.0,0.0,0.0,0.0,0.0,0.0,0,0.0,0.0,0,0,0,0,0,0,0,0,0,0
LEU436D,0,0.0,0.0,0.0,0.0,0.0,0.0,0.0,0.0,0,0.0,0.0,0,0,0,0,0,0,0,0,0,0
ASN437D,0,0.0,0.0,0.0,0.0,0.0,0.0,0.0,0.0,0,0.0,0.0,0,0,0,0,0,0,0,0,0,0
ASP438D,0,0.0,0.0,0.0,0.0,0.0,0.0,0.0,0.0,0,0.0,0.0,0,0,0,0,0,0,0,0,0,0
TYR439D,0,0.0,0.0,0.0,0.0,0.0,0.0,0.0,0.0,0,0.0,0.0,0,0,0,0,0,0,0,0,0,0
THR440D,0,0.0,0.0,0.0,0.0,0.0,0.0,0.0,0.0,0,0.0,0.0,0,0,0,0,0,0,0,0,0,0
LYS441D,0,0.0,0.0,0.0,0.0,0.0,0.0,0.0,0.0,0,0.0,0.0,0,0,0,0,0,0,0,0,0,0
VAL442D,0,0.0,0.0,0.0,0.0,0.0,0.0,0.0,0.0,0,0.0,0.0,0,0,0,0,0,0,0,0,0,0
THR443D,0,0.0,0.0,0.0,0.0,0.0,0.0,0.0,0.0,0,0.0,0.0,0,0,0,0,0,0,0,0,0,0
CYS444D,0,0.0,0.0,0.0,0.0,0.0,0.0,0.0,0.0,0,0.0,0.0,0,0,0,0,0,0,0,0,0,0
LEU445D,0,0.0,0.0,0.0,0.0,0.0,0.0,0.0,0.0,0,0.0,0.0,0,0,0,0,0,0,0,0,0,0
SER446D,0,0.0,0.0,0.0,0.0,0.0,0.0,0.0,0.0,0,0.0,0.0,0,0,0,0,0,0,0,0,0,0
CYS447D,0,0.0,0.0,0.0,0.0,0.0,0.0,0.0,0.0,0,0.0,0.0,0,0,0,0,0,0,0,0,0,0
GLU448D,0,0.0,0.0,0.0,0.0,0.0,0.0,0.0,0.0,0,0.0,0.0,0,0,0,0,0,0,0,0,0,0
LEU449D,0,0.0,0.0,0.0,0.0,0.0,0.0,0.0,0.0,0,0.0,0.0,0,0,0,0,0,0,0,0,0,0
ASN450D,0,0.0,0.0,0.0,0.0,0.0,0.0,0.0,0.0,0,0.0,0.0,0,0,0,0,0,0,0,0,0,0
PRO451D,0,0.0,0.0,0.0,0.0,0.0,0.0,0.0,0.0,0,0.0,0.0,0,0,0,0,0,0,0,0,0,0
GLU452D,0,0.0,0.0,0.0,0.0,0.0,0.0,0.0,0.0,0,0.0,0.0,0,0,0,0,0,0,0,0,0,0
ARG453D,0,0.0,0.0,0.0,0.0,0.0,0.0,0.0,0.0,0,0.0,0.0,0,0,0,0,0,0,0,0,0,0
CYS454D,0,0.0,0.0,0.0,0.0,0.0,0.0,0.0,0.0,0,0.0,0.0,0,0,0,0,0,0,0,0,0,0
GLN455D,0,0.0,0.0,0.0,0.0,0.0,0.0,0.0,0.0,0,0.0,0.0,0,0,0,0,0,0,0,0,0,0
TYR456D,0,0.0,0.0,0.0,0.0,0.0,0.0,0.0,0.0,0,0.0,0.0,0,0,0,0,0,0,0,0,0,0
TYR457D,0,0.0,0.0,0.0,0.0,0.0,0.0,0.0,0.0,0,0.0,0.0,0,0,0,0,0,0,0,0,0,0
SER458D,0,0.0,0.0,0.0,0.0,0.0,0.0,0.0,0.0,0,0.0,0.0,0,0,0,0,0,0,0,0,0,0
ALA459D,0,0.0,0.0,0.0,0.0,0.0,0.0,0.0,0.0,0,0.0,0.0,0,0,0,0,0,0,0,0,0,0
SER460D,0,0.0,0.0,0.0,0.0,0.0,0.0,0.0,0.0,0,0.0,0.0,0,0,0,0,0,0,0,0,0,0
PHE461D,0,0.0,0.0,0.0,0.0,0.0,0.0,0.0,0.0,0,0.0,0.0,0,0,0,0,0,0,0,0,0,0
SER462D,0,0.0,0.0,0.0,0.0,0.0,0.0,0.0,0.0,0,0.0,0.0,0,0,0,0,0,0,0,0,0,0
ASN463D,0,0.0,0.0,0.0,0.0,0.0,0.0,0.0,0.0,0,0.0,0.0,0,0,0,0,0,0,0,0,0,0
LYS464D,0,0.0,0.0,0.0,0.0,0.0,0.0,0.0,0.0,0,0.0,0.0,0,0,0,0,0,0,0,0,0,0
ALA465D,0,0.0,0.0,0.0,0.0,0.0,0.0,0.0,0.0,0,0.0,0.0,0,0,0,0,0,0,0,0,0,0
LYS466D,0,0.0,0.0,0.0,0.0,0.0,0.0,0.0,0.0,0,0.0,0.0,0,0,0,0,0,0,0,0,0,0
TYR467D,0,0.0,0.0,0.0,0.0,0.0,0.0,0.0,0.0,0,0.0,0.0,0,0,0,0,0,0,0,0,0,0
TYR468D,0,0.0,0.0,0.0,0.0,0.0,0.0,0.0,0.0,0,0.0,0.0,0,0,0,0,0,0,0,0,0,0
GLN469D,0,0.0,0.0,0.0,0.0,0.0,0.0,0.0,0.0,0,0.0,0.0,0,0,0,0,0,0,0,0,0,0
LEU470D,0,0.0,0.0,0.0,0.0,0.0,0.0,0.0,0.0,0,0.0,0.0,0,0,0,0,0,0,0,0,0,0
ARG471D,0,0.0,0.0,0.0,0.0,0.0,0.0,0.0,0.0,0,0.0,0.0,0,0,0,0,0,0,0,0,0,0
CYS472D,0,0.0,0.0,0.0,0.0,0.0,0.0,0.0,0.0,0,0.0,0.0,0,0,0,0,0,0,0,0,0,0
PHE473D,0,0.0,0.0,0.0,0.0,0.0,0.0,0.0,0.0,0,0.0,0.0,0,0,0,0,0,0,0,0,0,0
GLY474D,0,0.0,0.0,0.0,0.0,0.0,0.0,0.0,0.0,0,0.0,0.0,0,0,0,0,0,0,0,0,0,0
PRO475D,0,0.0,0.0,0.0,0.0,0.0,0.0,0.0,0.0,0,0.0,0.0,0,0,0,0,0,0,0,0,0,0
GLY476D,0,0.0,0.0,0.0,0.0,0.0,0.0,0.0,0.0,0,0.0,0.0,0,0,0,0,0,0,0,0,0,0
LEU477D,0,0.0,0.0,0.0,0.0,0.0,0.0,0.0,0.0,0,0.0,0.0,0,0,0,0,0,0,0,0,0,0
PRO478D,0,0.0,0.0,0.0,0.0,0.0,0.0,0.0,0.0,0,0.0,0.0,0,0,0,0,0,0,0,0,0,0
LEU479D,0,0.0,0.0,0.0,0.0,0.0,0.0,0.0,0.0,0,0.0,0.0,0,0,0,0,0,0,0,0,0,0
TYR480D,0,0.0,0.0,0.0,0.0,0.0,0.0,0.0,0.0,0,0.0,0.0,0,0,0,0,0,0,0,0,0,0
THR481D,0,0.0,0.0,0.0,0.0,0.0,0.0,0.0,0.0,0,0.0,0.0,0,0,0,0,0,0,0,0,0,0
LEU482D,0,0.0,0.0,0.0,0.0,0.0,0.0,0.0,0.0,0,0.0,0.0,0,0,0,0,0,0,0,0,0,0
HIS483D,0,0.0,0.0,0.0,0.0,0.0,0.0,0.0,0.0,0,0.0,0.0,0,0,0,0,0,0,0,0,0,0
SER484D,0,0.0,0.0,0.0,0.0,0.0,0.0,0.0,0.0,0,0.0,0.0,0,0,0,0,0,0,0,0,0,0
SER485D,0,0.0,0.0,0.0,0.0,0.0,0.0,0.0,0.0,0,0.0,0.0,0,0,0,0,0,0,0,0,0,0
SER486D,0,0.0,0.0,0.0,0.0,0.0,0.0,0.0,0.0,0,0.0,0.0,0,0,0,0,0,0,0,0,0,0
SER487D,0,0.0,0.0,0.0,0.0,0.0,0.0,0.0,0.0,0,0.0,0.0,0,0,0,0,0,0,0,0,0,0
ASP488D,0,0.0,0.0,0.0,0.0,0.0,0.0,0.0,0.0,0,0.0,0.0,0,0,0,0,0,0,0,0,0,0
LYS489D,0,0.0,0.0,0.0,0.0,0.0,0.0,0.0,0.0,0,0.0,0.0,0,0,0,0,0,0,0,0,0,0
GLU490D,0,0.0,0.0,0.0,0.0,0.0,0.0,0.0,0.0,0,0.0,0.0,0,0,0,0,0,0,0,0,0,0
LEU491D,0,0.0,0.0,0.0,0.0,0.0,0.0,0.0,0.0,0,0.0,0.0,0,0,0,0,0,0,0,0,0,0
ARG492D,0,0.0,0.0,0.0,0.0,0.0,0.0,0.0,0.0,0,0.0,0.0,0,0,0,0,0,0,0,0,0,0
VAL493D,0,0.0,0.0,0.0,0.0,0.0,0.0,0.0,0.0,0,0.0,0.0,0,0,0,0,0,0,0,0,0,0
LEU494D,0,0.0,0.0,0.0,0.0,0.0,0.0,0.0,0.0,0,0.0,0.0,0,0,0,0,0,0,0,0,0,0
GLU495D,0,0.0,0.0,0.0,0.0,0.0,0.0,0.0,0.0,0,0.0,0.0,0,0,0,0,0,0,0,0,0,0
ASP496D,0,0.0,0.0,0.0,0.0,0.0,0.0,0.0,0.0,0,0.0,0.0,0,0,0,0,0,0,0,0,0,0
ASN497D,0,0.0,0.0,0.0,0.0,0.0,0.0,0.0,0.0,0,0.0,0.0,0,0,0,0,0,0,0,0,0,0
SER498D,0,0.0,0.0,0.0,0.0,0.0,0.0,0.0,0.0,0,0.0,0.0,0,0,0,0,0,0,0,0,0,0
ALA499D,0,0.0,0.0,0.0,0.0,0.0,0.0,0.0,0.0,0,0.0,0.0,0,0,0,0,0,0,0,0,0,0
LEU500D,0,0.0,0.0,0.0,0.0,0.0,0.0,0.0,0.0,0,0.0,0.0,0,0,0,0,0,0,0,0,0,0
ASP501D,0,0.0,0.0,0.0,0.0,0.0,0.0,0.0,0.0,0,0.0,0.0,0,0,0,0,0,0,0,0,0,0
LYS502D,0,0.0,0.0,0.0,0.0,0.0,0.0,0.0,0.0,0,0.0,0.0,0,0,0,0,0,0,0,0,0,0
MET503D,0,0.0,0.0,0.0,0.0,0.0,0.0,0.0,0.0,0,0.0,0.0,0,0,0,0,0,0,0,0,0,0
LEU504D,0,0.0,0.0,0.0,0.0,0.0,0.0,0.0,0.0,0,0.0,0.0,0,0,0,0,0,0,0,0,0,0
GLN505D,0,0.0,0.0,0.0,0.0,0.0,0.0,0.0,0.0,0,0.0,0.0,0,0,0,0,0,0,0,0,0,0
ASP506D,0,0.0,0.0,0.0,0.0,0.0,0.0,0.0,0.0,0,0.0,0.0,0,0,0,0,0,0,0,0,0,0
VAL507D,0,0.0,0.0,0.0,0.0,0.0,0.0,0.0,0.0,0,0.0,0.0,0,0,0,0,0,0,0,0,0,0
GLN508D,0,0.0,0.0,0.0,0.0,0.0,0.0,0.0,0.0,0,0.0,0.0,0,0,0,0,0,0,0,0,0,0
MET509D,0,0.0,0.0,0.0,0.0,0.0,0.0,0.0,0.0,0,0.0,0.0,0,0,0,0,0,0,0,0,0,0
PRO510D,0,0.0,0.0,0.0,0.0,0.0,0.0,0.0,0.0,0,0.0,0.0,0,0,0,0,0,0,0,0,0,0
SER511D,0,0.0,0.0,0.0,0.0,0.0,0.0,0.0,0.0,0,0.0,0.0,0,0,0,0,0,0,0,0,0,0
LYS512D,0,0.0,0.0,0.0,0.0,0.0,0.0,0.0,0.0,0,0.0,0.0,0,0,0,0,0,0,0,0,0,0
LYS513D,0,0.0,0.0,0.0,0.0,0.0,0.0,0.0,0.0,0,0.0,0.0,0,0,0,0,0,0,0,0,0,0
LEU514D,0,0.0,0.0,0.0,0.0,0.0,0.0,0.0,0.0,0,0.0,0.0,0,0,0,0,0,0,0,0,0,0
ASP515D,0,0.0,0.0,0.0,0.0,0.0,0.0,0.0,0.0,0,0.0,0.0,0,0,0,0,0,0,0,0,0,0
VAL516D,0,0.0,0.0,0.0,0.0,0.0,0.0,0.0,0.0,0,0.0,0.0,0,0,0,0,0,0,0,0,0,0
ILE517D,0,0.0,0.0,0.0,0.0,0.0,0.0,0.0,0.0,0,0.0,0.0,0,0,0,0,0,0,0,0,0,0
ASN518D,0,0.0,0.0,0.0,0.0,0.0,0.0,0.0,0.0,0,0.0,0.0,0,0,0,0,0,0,0,0,0,0
LEU519D,0,0.0,0.0,0.0,0.0,0.0,0.0,0.0,0.0,0,0.0,0.0,0,0,0,0,0,0,0,0,0,0
HIS520D,0,0.0,0.0,0.0,0.0,0.0,0.0,0.0,0.0,0,0.0,0.0,0,0,0,0,0,0,0,0,0,0
GLY521D,0,0.0,0.0,0.0,0.0,0.0,0.0,0.0,0.0,0,0.0,0.0,0,0,0,0,0,0,0,0,0,0
THR522D,0,0.0,0.0,0.0,0.0,0.0,0.0,0.0,0.0,0,0.0,0.0,0,0,0,0,0,0,0,0,0,0
LYS523D,0,0.0,0.0,0.0,0.0,0.0,0.0,0.0,0.0,0,0.0,0.0,0,0,0,0,0,0,0,0,0,0
PHE524D,0,0.0,0.0,0.0,0.0,0.0,0.0,0.0,0.0,0,0.0,0.0,0,0,0,0,0,0,0,0,0,0
TRP525D,0,0.0,0.0,0.0,0.0,0.0,0.0,0.0,0.0,0,0.0,0.0,0,0,0,0,0,0,0,0,0,0
TYR526D,0,0.0,0.0,0.0,0.0,0.0,0.0,0.0,0.0,0,0.0,0.0,0,0,0,0,0,0,0,0,0,0
GLN527D,0,0.0,0.0,0.0,0.0,0.0,0.0,0.0,0.0,0,0.0,0.0,0,0,0,0,0,0,0,0,0,0
MET528D,0,0.0,0.0,0.0,0.0,0.0,0.0,0.0,0.0,0,0.0,0.0,0,0,0,0,0,0,0,0,0,0
ILE529D,0,0.0,0.0,0.0,0.0,0.0,0.0,0.0,0.0,0,0.0,0.0,0,0,0,0,0,0,0,0,0,0
LEU530D,0,0.0,0.0,0.0,0.0,0.0,0.0,0.0,0.0,0,0.0,0.0,0,0,0,0,0,0,0,0,0,0
PRO531D,0,0.0,0.0,0.0,0.0,0.0,0.0,0.0,0.0,0,0.0,0.0,0,0,0,0,0,0,0,0,0,0
PRO532D,0,0.0,0.0,0.0,0.0,0.0,0.0,0.0,0.0,0,0.0,0.0,0,0,0,0,0,0,0,0,0,0
HIS533D,0,0.0,0.0,0.0,0.0,0.0,0.0,0.0,0.0,0,0.0,0.0,0,0,0,0,0,0,0,0,0,0
PHE534D,0,0.0,0.0,0.0,0.0,0.0,0.0,0.0,0.0,0,0.0,0.0,0,0,0,0,0,0,0,0,0,0
ASP535D,0,0.0,0.0,0.0,0.0,0.0,0.0,0.0,0.0,0,0.0,0.0,0,0,0,0,0,0,0,0,0,0
LYS536D,0,0.0,0.0,0.0,0.0,0.0,0.0,0.0,0.0,0,0.0,0.0,0,0,0,0,0,0,0,0,0,0
SER537D,0,0.0,0.0,0.0,0.0,0.0,0.0,0.0,0.0,0,0.0,0.0,0,0,0,0,0,0,0,0,0,0
LYS538D,0,0.0,0.0,0.0,0.0,0.0,0.0,0.0,0.0,0,0.0,0.0,0,0,0,0,0,0,0,0,0,0
LYS539D,0,0.0,0.0,0.0,0.0,0.0,0.0,0.0,0.0,0,0.0,0.0,0,0,0,0,0,0,0,0,0,0
TYR540D,0,0.0,0.0,0.0,0.0,0.0,0.0,0.0,0.0,0,0.0,0.0,0,0,0,0,0,0,0,0,0,0
PRO541D,0,0.0,0.0,0.0,0.0,0.0,0.0,0.0,0.0,0,0.0,0.0,0,0,0,0,0,0,0,0,0,0
LEU542D,0,0.0,0.0,0.0,0.0,0.0,0.0,0.0,0.0,0,0.0,0.0,0,0,0,0,0,0,0,0,0,0
LEU543D,0,0.0,0.0,0.0,0.0,0.0,0.0,0.0,0.0,0,0.0,0.0,0,0,0,0,0,0,0,0,0,0
ILE544D,0,0.0,0.0,0.0,0.0,0.0,0.0,0.0,0.0,0,0.0,0.0,0,0,0,0,0,0,0,0,0,0
GLU545D,0,0.0,0.0,0.0,0.0,0.0,0.0,0.0,0.0,0,0.0,0.0,0,0,0,0,0,0,0,0,0,0
VAL546D,0,0.0,0.0,0.0,0.0,0.0,0.0,0.0,0.0,0,0.0,0.0,0,0,0,0,0,0,0,0,0,0
TYR547D,0,-0.008202181744,-0.092922085284,0.0,0.0,0.058004739549000005,0.0,0.0,0.0,0,-0.067128382168,-0.0009400725600000002,0,0,0,0,0,0,0,0,0,0
ALA548D,0,0.0,0.0,0.0,0.0,0.0,0.0,0.0,0.0,0,0.0,0.0,0,0,0,0,0,0,0,0,0,0
GLY549D,0,0.0,0.0,0.0,0.0,0.0,0.0,0.0,0.0,0,0.0,0.0,0,0,0,0,0,0,0,0,0,0
PRO550D,0,0.0,0.0,0.0,0.0,0.0,0.0,0.0,0.0,0,0.0,0.0,0,0,0,0,0,0,0,0,0,0
CYS551D,0,0.0,0.0,0.0,0.0,0.0,0.0,0.0,0.0,0,0.0,0.0,0,0,0,0,0,0,0,0,0,0
SER552D,0,0.0,0.0,0.0,0.0,0.0,0.0,0.0,0.0,0,0.0,0.0,0,0,0,0,0,0,0,0,0,0
GLN553D,0,0.0,0.0,0.0,0.0,0.0,0.0,0.0,0.0,0,0.0,0.0,0,0,0,0,0,0,0,0,0,0
LYS554D,0,0.0,0.0,0.0,0.0,0.0,0.0,0.0,0.0,0,0.0,0.0,0,0,0,0,0,0,0,0,0,0
VAL555D,0,0.0,0.0,0.0,0.0,0.0,0.0,0.0,0.0,0,0.0,0.0,0,0,0,0,0,0,0,0,0,0
ASP556D,0,0.0,0.0,0.0,0.0,0.0,0.0,0.0,0.0,0,0.0,0.0,0,0,0,0,0,0,0,0,0,0
THR557D,0,0.0,0.0,0.0,0.0,0.0,0.0,0.0,0.0,0,0.0,0.0,0,0,0,0,0,0,0,0,0,0
VAL558D,0,0.0,0.0,0.0,0.0,0.0,0.0,0.0,0.0,0,0.0,0.0,0,0,0,0,0,0,0,0,0,0
PHE559D,0,0.0,0.0,0.0,0.0,0.0,0.0,0.0,0.0,0,0.0,0.0,0,0,0,0,0,0,0,0,0,0
ARG560D,0,0.0,0.0,0.0,0.0,0.0,0.0,0.0,0.0,0,0.0,0.0,0,0,0,0,0,0,0,0,0,0
LEU561D,0,0.0,0.0,0.0,0.0,0.0,0.0,0.0,0.0,0,0.0,0.0,0,0,0,0,0,0,0,0,0,0
SER562D,0,0.0,0.0,0.0,0.0,0.0,0.0,0.0,0.0,0,0.0,0.0,0,0,0,0,0,0,0,0,0,0
TRP563D,0,0.0,0.0,0.0,0.0,0.0,0.0,0.0,0.0,0,0.0,0.0,0,0,0,0,0,0,0,0,0,0
ALA564D,0,0.0,0.0,0.0,0.0,0.0,0.0,0.0,0.0,0,0.0,0.0,0,0,0,0,0,0,0,0,0,0
THR565D,0,0.0,0.0,0.0,0.0,0.0,0.0,0.0,0.0,0,0.0,0.0,0,0,0,0,0,0,0,0,0,0
TYR566D,0,0.0,0.0,0.0,0.0,0.0,0.0,0.0,0.0,0,0.0,0.0,0,0,0,0,0,0,0,0,0,0
LEU567D,0,0.0,0.0,0.0,0.0,0.0,0.0,0.0,0.0,0,0.0,0.0,0,0,0,0,0,0,0,0,0,0
ALA568D,0,0.0,0.0,0.0,0.0,0.0,0.0,0.0,0.0,0,0.0,0.0,0,0,0,0,0,0,0,0,0,0
SER569D,0,0.0,0.0,0.0,0.0,0.0,0.0,0.0,0.0,0,0.0,0.0,0,0,0,0,0,0,0,0,0,0
THR570D,0,0.0,0.0,0.0,0.0,0.0,0.0,0.0,0.0,0,0.0,0.0,0,0,0,0,0,0,0,0,0,0
GLU571D,0,0.0,0.0,0.0,0.0,0.0,0.0,0.0,0.0,0,0.0,0.0,0,0,0,0,0,0,0,0,0,0
ASN572D,0,0.0,0.0,0.0,0.0,0.0,0.0,0.0,0.0,0,0.0,0.0,0,0,0,0,0,0,0,0,0,0
ILE573D,0,0.0,0.0,0.0,0.0,0.0,0.0,0.0,0.0,0,0.0,0.0,0,0,0,0,0,0,0,0,0,0
ILE574D,0,0.0,0.0,0.0,0.0,0.0,0.0,0.0,0.0,0,0.0,0.0,0,0,0,0,0,0,0,0,0,0
VAL575D,0,0.0,0.0,0.0,0.0,0.0,0.0,0.0,0.0,0,0.0,0.0,0,0,0,0,0,0,0,0,0,0
ALA576D,0,0.0,0.0,0.0,0.0,0.0,0.0,0.0,0.0,0,0.0,0.0,0,0,0,0,0,0,0,0,0,0
SER577D,0,0.0,0.0,0.0,0.0,0.0,0.0,0.0,0.0,0,0.0,0.0,0,0,0,0,0,0,0,0,0,0
PHE578D,0,0.0,0.0,0.0,0.0,0.0,0.0,0.0,0.0,0,0.0,0.0,0,0,0,0,0,0,0,0,0,0
ASP579D,0,0.0,0.0,0.0,0.0,0.0,0.0,0.0,0.0,0,0.0,0.0,0,0,0,0,0,0,0,0,0,0
GLY580D,0,0.0,0.0,0.0,0.0,0.0,0.0,0.0,0.0,0,0.0,0.0,0,0,0,0,0,0,0,0,0,0
ARG581D,0,0.0,0.0,0.0,0.0,0.0,0.0,0.0,0.0,0,0.0,0.0,0,0,0,0,0,0,0,0,0,0
GLY582D,0,0.0,0.0,0.0,0.0,0.0,0.0,0.0,0.0,0,0.0,0.0,0,0,0,0,0,0,0,0,0,0
SER583D,0,0.0,0.0,0.0,0.0,0.0,0.0,0.0,0.0,0,0.0,0.0,0,0,0,0,0,0,0,0,0,0
GLY584D,0,0.0,0.0,0.0,0.0,0.0,0.0,0.0,0.0,0,0.0,0.0,0,0,0,0,0,0,0,0,0,0
TYR585D,0,0.0,0.0,0.0,0.0,0.0,0.0,0.0,0.0,0,0.0,0.0,0,0,0,0,0,0,0,0,0,0
GLN586D,0,0.0,0.0,0.0,0.0,0.0,0.0,0.0,0.0,0,0.0,0.0,0,0,0,0,0,0,0,0,0,0
GLY587D,0,0.0,0.0,0.0,0.0,0.0,0.0,0.0,0.0,0,0.0,0.0,0,0,0,0,0,0,0,0,0,0
ASP588D,0,0.0,0.0,0.0,0.0,0.0,0.0,0.0,0.0,0,0.0,0.0,0,0,0,0,0,0,0,0,0,0
LYS589D,0,0.0,0.0,0.0,0.0,0.0,0.0,0.0,0.0,0,0.0,0.0,0,0,0,0,0,0,0,0,0,0
ILE590D,0,0.0,0.0,0.0,0.0,0.0,0.0,0.0,0.0,0,0.0,0.0,0,0,0,0,0,0,0,0,0,0
MET591D,0,0.0,0.0,0.0,0.0,0.0,0.0,0.0,0.0,0,0.0,0.0,0,0,0,0,0,0,0,0,0,0
HIS592D,0,0.0,0.0,0.0,0.0,0.0,0.0,0.0,0.0,0,0.0,0.0,0,0,0,0,0,0,0,0,0,0
ALA593D,0,0.0,0.0,0.0,0.0,0.0,0.0,0.0,0.0,0,0.0,0.0,0,0,0,0,0,0,0,0,0,0
ILE594D,0,0.0,0.0,0.0,0.0,0.0,0.0,0.0,0.0,0,0.0,0.0,0,0,0,0,0,0,0,0,0,0
ASN595D,0,0.0,0.0,0.0,0.0,0.0,0.0,0.0,0.0,0,0.0,0.0,0,0,0,0,0,0,0,0,0,0
ARG596D,0,0.0,0.0,0.0,0.0,0.0,0.0,0.0,0.0,0,0.0,0.0,0,0,0,0,0,0,0,0,0,0
ARG597D,0,0.0,0.0,0.0,0.0,0.0,0.0,0.0,0.0,0,0.0,0.0,0,0,0,0,0,0,0,0,0,0
LEU598D,0,0.0,0.0,0.0,0.0,0.0,0.0,0.0,0.0,0,0.0,0.0,0,0,0,0,0,0,0,0,0,0
GLY599D,0,0.0,0.0,0.0,0.0,0.0,0.0,0.0,0.0,0,0.0,0.0,0,0,0,0,0,0,0,0,0,0
THR600D,0,0.0,0.0,0.0,0.0,0.0,0.0,0.0,0.0,0,0.0,0.0,0,0,0,0,0,0,0,0,0,0
PHE601D,0,0.0,0.0,0.0,0.0,0.0,0.0,0.0,0.0,0,0.0,0.0,0,0,0,0,0,0,0,0,0,0
GLU602D,0,0.0,0.0,0.0,0.0,0.0,0.0,0.0,0.0,0,0.0,0.0,0,0,0,0,0,0,0,0,0,0
VAL603D,0,0.0,0.0,0.0,0.0,0.0,0.0,0.0,0.0,0,0.0,0.0,0,0,0,0,0,0,0,0,0,0
GLU604D,0,0.0,0.0,0.0,0.0,0.0,0.0,0.0,0.0,0,0.0,0.0,0,0,0,0,0,0,0,0,0,0
ASP605D,0,0.0,0.0,0.0,0.0,0.0,0.0,0.0,0.0,0,0.0,0.0,0,0,0,0,0,0,0,0,0,0
GLN606D,0,0.0,0.0,0.0,0.0,0.0,0.0,0.0,0.0,0,0.0,0.0,0,0,0,0,0,0,0,0,0,0
ILE607D,0,0.0,0.0,0.0,0.0,0.0,0.0,0.0,0.0,0,0.0,0.0,0,0,0,0,0,0,0,0,0,0
GLU608D,0,0.0,0.0,0.0,0.0,0.0,0.0,0.0,0.0,0,0.0,0.0,0,0,0,0,0,0,0,0,0,0
ALA609D,0,0.0,0.0,0.0,0.0,0.0,0.0,0.0,0.0,0,0.0,0.0,0,0,0,0,0,0,0,0,0,0
THR610D,0,0.0,0.0,0.0,0.0,0.0,0.0,0.0,0.0,0,0.0,0.0,0,0,0,0,0,0,0,0,0,0
ARG611D,0,0.0,0.0,0.0,0.0,0.0,0.0,0.0,0.0,0,0.0,0.0,0,0,0,0,0,0,0,0,0,0
GLN612D,0,0.0,0.0,0.0,0.0,0.0,0.0,0.0,0.0,0,0.0,0.0,0,0,0,0,0,0,0,0,0,0
PHE613D,0,0.0,0.0,0.0,0.0,0.0,0.0,0.0,0.0,0,0.0,0.0,0,0,0,0,0,0,0,0,0,0
SER614D,0,0.0,0.0,0.0,0.0,0.0,0.0,0.0,0.0,0,0.0,0.0,0,0,0,0,0,0,0,0,0,0
LYS615D,0,0.0,0.0,0.0,0.0,0.0,0.0,0.0,0.0,0,0.0,0.0,0,0,0,0,0,0,0,0,0,0
MET616D,0,0.0,0.0,0.0,0.0,0.0,0.0,0.0,0.0,0,0.0,0.0,0,0,0,0,0,0,0,0,0,0
GLY617D,0,0.0,0.0,0.0,0.0,0.0,0.0,0.0,0.0,0,0.0,0.0,0,0,0,0,0,0,0,0,0,0
PHE618D,0,0.0,0.0,0.0,0.0,0.0,0.0,0.0,0.0,0,0.0,0.0,0,0,0,0,0,0,0,0,0,0
VAL619D,0,0.0,0.0,0.0,0.0,0.0,0.0,0.0,0.0,0,0.0,0.0,0,0,0,0,0,0,0,0,0,0
ASP620D,0,0.0,0.0,0.0,0.0,0.0,0.0,0.0,0.0,0,0.0,0.0,0,0,0,0,0,0,0,0,0,0
ASP621D,0,0.0,0.0,0.0,0.0,0.0,0.0,0.0,0.0,0,0.0,0.0,0,0,0,0,0,0,0,0,0,0
LYS622D,0,0.0,0.0,0.0,0.0,0.0,0.0,0.0,0.0,0,0.0,0.0,0,0,0,0,0,0,0,0,0,0
ARG623D,0,0.0,0.0,0.0,0.0,0.0,0.0,0.0,0.0,0,0.0,0.0,0,0,0,0,0,0,0,0,0,0
ILE624D,0,0.0,0.0,0.0,0.0,0.0,0.0,0.0,0.0,0,0.0,0.0,0,0,0,0,0,0,0,0,0,0
ALA625D,0,0.0,0.0,0.0,0.0,0.0,0.0,0.0,0.0,0,0.0,0.0,0,0,0,0,0,0,0,0,0,0
ILE626D,0,0.0,0.0,0.0,0.0,0.0,0.0,0.0,0.0,0,0.0,0.0,0,0,0,0,0,0,0,0,0,0
TRP627D,0,0.0,0.0,0.0,0.0,0.0,0.0,0.0,0.0,0,0.0,0.0,0,0,0,0,0,0,0,0,0,0
GLY628D,0,0.0,0.0,0.0,0.0,0.0,0.0,0.0,0.0,0,0.0,0.0,0,0,0,0,0,0,0,0,0,0
TRP629D,0,0.0,0.0,0.0,0.0,0.0,0.0,0.0,0.0,0,0.0,0.0,0,0,0,0,0,0,0,0,0,0
SER630D,0,0.0,0.0,0.0,0.0,0.0,0.0,0.0,0.0,0,-0.080510889224,-0.118640563132,0,0,0,0,0,0,0,0,0,0
TYR631D,0,0.0,0.0,0.0,0.0,0.0,0.0,0.0,0.0,0,0.0,0.0,0,0,0,0,0,0,0,0,0,0
GLY632D,0,0.0,0.0,0.0,0.0,0.0,0.0,0.0,0.0,0,0.0,0.0,0,0,0,0,0,0,0,0,0,0
GLY633D,0,0.0,0.0,0.0,0.0,0.0,0.0,0.0,0.0,0,0.0,0.0,0,0,0,0,0,0,0,0,0,0
TYR634D,0,0.0,0.0,0.0,0.0,0.0,0.0,0.0,0.0,0,0.0,0.0,0,0,0,0,0,0,0,0,0,0
VAL635D,0,0.0,0.0,0.0,0.0,0.0,0.0,0.0,0.0,0,0.0,0.0,0,0,0,0,0,0,0,0,0,0
THR636D,0,0.0,0.0,0.0,0.0,0.0,0.0,0.0,0.0,0,0.0,0.0,0,0,0,0,0,0,0,0,0,0
SER637D,0,0.0,0.0,0.0,0.0,0.0,0.0,0.0,0.0,0,0.0,0.0,0,0,0,0,0,0,0,0,0,0
MET638D,0,0.0,0.0,0.0,0.0,0.0,0.0,0.0,0.0,0,0.0,0.0,0,0,0,0,0,0,0,0,0,0
VAL639D,0,0.0,0.0,0.0,0.0,0.0,0.0,0.0,0.0,0,0.0,0.0,0,0,0,0,0,0,0,0,0,0
LEU640D,0,0.0,0.0,0.0,0.0,0.0,0.0,0.0,0.0,0,0.0,0.0,0,0,0,0,0,0,0,0,0,0
GLY641D,0,0.0,0.0,0.0,0.0,0.0,0.0,0.0,0.0,0,0.0,0.0,0,0,0,0,0,0,0,0,0,0
ALA642D,0,0.0,0.0,0.0,0.0,0.0,0.0,0.0,0.0,0,0.0,0.0,0,0,0,0,0,0,0,0,0,0
GLY643D,0,0.0,0.0,0.0,0.0,0.0,0.0,0.0,0.0,0,0.0,0.0,0,0,0,0,0,0,0,0,0,0
SER644D,0,0.0,0.0,0.0,0.0,0.0,0.0,0.0,0.0,0,0.0,0.0,0,0,0,0,0,0,0,0,0,0
GLY645D,0,0.0,0.0,0.0,0.0,0.0,0.0,0.0,0.0,0,0.0,0.0,0,0,0,0,0,0,0,0,0,0
VAL646D,0,0.0,0.0,0.0,0.0,0.0,0.0,0.0,0.0,0,0.0,0.0,0,0,0,0,0,0,0,0,0,0
PHE647D,0,0.0,0.0,0.0,0.0,0.0,0.0,0.0,0.0,0,0.0,0.0,0,0,0,0,0,0,0,0,0,0
LYS648D,0,0.0,0.0,0.0,0.0,0.0,0.0,0.0,0.0,0,0.0,0.0,0,0,0,0,0,0,0,0,0,0
CYS649D,0,0.0,0.0,0.0,0.0,0.0,0.0,0.0,0.0,0,0.0,0.0,0,0,0,0,0,0,0,0,0,0
GLY650D,0,0.0,0.0,0.0,0.0,0.0,0.0,0.0,0.0,0,0.0,0.0,0,0,0,0,0,0,0,0,0,0
ILE651D,0,0.0,0.0,0.0,0.0,0.0,0.0,0.0,0.0,0,0.0,0.0,0,0,0,0,0,0,0,0,0,0
ALA652D,0,0.0,0.0,0.0,0.0,0.0,0.0,0.0,0.0,0,0.0,0.0,0,0,0,0,0,0,0,0,0,0
VAL653D,0,0.0,0.0,0.0,0.0,0.0,0.0,0.0,0.0,0,0.0,0.0,0,0,0,0,0,0,0,0,0,0
ALA654D,0,0.0,0.0,0.0,0.0,0.0,0.0,0.0,0.0,0,0.0,0.0,0,0,0,0,0,0,0,0,0,0
PRO655D,0,0.0,0.0,0.0,0.0,0.0,0.0,0.0,0.0,0,0.0,0.0,0,0,0,0,0,0,0,0,0,0
VAL656D,0,0.0,0.0,0.0,0.0,0.0,0.0,0.0,0.0,0,0.0,0.0,0,0,0,0,0,0,0,0,0,0
SER657D,0,0.0,0.0,0.0,0.0,0.0,0.0,0.0,0.0,0,0.0,0.0,0,0,0,0,0,0,0,0,0,0
LYS658D,0,0.0,0.0,0.0,0.0,0.0,0.0,0.0,0.0,0,0.0,0.0,0,0,0,0,0,0,0,0,0,0
TRP659D,0,0.0,0.0,0.0,0.0,0.0,0.0,0.0,0.0,0,0.0,0.0,0,0,0,0,0,0,0,0,0,0
GLU660D,0,0.0,0.0,0.0,0.0,0.0,0.0,0.0,0.0,0,0.0,0.0,0,0,0,0,0,0,0,0,0,0
TYR661D,0,0.0,0.0,0.0,0.0,0.0,0.0,0.0,0.0,0,0.0,0.0,0,0,0,0,0,0,0,0,0,0
TYR662D,0,-0.0571171933,0.0,0.0,0.0,0.0,0.0,0.0,0.0,0,-0.17176867627599998,-0.020681596320000002,0,0,0,0,0,0,0,0,0,0
ASP663D,0,0.0,0.0,0.0,0.0,0.0,0.0,0.0,0.0,0,0.0,0.0,0,0,0,0,0,0,0,0,0,0
SER664D,0,0.0,0.0,0.0,0.0,0.0,0.0,0.0,0.0,0,0.0,0.0,0,0,0,0,0,0,0,0,0,0
VAL665D,0,0.0,0.0,0.0,0.0,0.0,0.0,0.0,0.0,0,0.0,0.0,0,0,0,0,0,0,0,0,0,0
TYR666D,0,-0.15164528453200002,0.0,0.0,0.0,-0.49759763094000004,0.0,-0.12430853892000002,0.0,0,-0.009729167100000002,0.0,0,0,0,0,0,0,0,0,0,0
THR667D,0,0.0,0.0,0.0,0.0,0.0,0.0,0.0,0.0,0,0.0,0.0,0,0,0,0,0,0,0,0,0,0
GLU668D,0,0.0,0.0,0.0,0.0,0.0,0.0,0.0,0.0,0,0.0,0.0,0,0,0,0,0,0,0,0,0,0
ARG669D,0,0.0,0.0,0.0,0.0,0.0,0.0,-0.10044310368600001,-0.010707898441,0,0.0,0.0,0,0,0,0,0,0,0,0,0,0
TYR670D,0,0.0,0.0,0.0,0.0,0.0,0.0,0.0,0.0,0,0.0,0.0,0,0,0,0,0,0,0,0,0,0
MET671D,0,0.0,0.0,0.0,0.0,0.0,0.0,0.0,0.0,0,0.0,0.0,0,0,0,0,0,0,0,0,0,0
GLY672D,0,0.0,0.0,0.0,0.0,0.0,0.0,0.0,0.0,0,0.0,0.0,0,0,0,0,0,0,0,0,0,0
LEU673D,0,0.0,0.0,0.0,0.0,0.0,0.0,0.0,0.0,0,0.0,0.0,0,0,0,0,0,0,0,0,0,0
PRO674D,0,0.0,0.0,0.0,0.0,0.0,0.0,0.0,0.0,0,0.0,0.0,0,0,0,0,0,0,0,0,0,0
THR675D,0,0.0,0.0,0.0,0.0,0.0,0.0,0.0,0.0,0,0.0,0.0,0,0,0,0,0,0,0,0,0,0
PRO676D,0,0.0,0.0,0.0,0.0,0.0,0.0,0.0,0.0,0,0.0,0.0,0,0,0,0,0,0,0,0,0,0
GLU677D,0,0.0,0.0,0.0,0.0,0.0,0.0,0.0,0.0,0,0.0,0.0,0,0,0,0,0,0,0,0,0,0
ASP678D,0,0.0,0.0,0.0,0.0,0.0,0.0,0.0,0.0,0,0.0,0.0,0,0,0,0,0,0,0,0,0,0
ASN679D,0,0.0,0.0,0.0,0.0,0.0,0.0,0.0,0.0,0,0.0,0.0,0,0,0,0,0,0,0,0,0,0
LEU680D,0,0.0,0.0,0.0,0.0,0.0,0.0,0.0,0.0,0,0.0,0.0,0,0,0,0,0,0,0,0,0,0
ASP681D,0,0.0,0.0,0.0,0.0,0.0,0.0,0.0,0.0,0,0.0,0.0,0,0,0,0,0,0,0,0,0,0
TYR682D,0,0.0,0.0,0.0,0.0,0.0,0.0,0.0,0.0,0,0.0,0.0,0,0,0,0,0,0,0,0,0,0
TYR683D,0,0.0,0.0,0.0,0.0,0.0,0.0,0.0,0.0,0,0.0,0.0,0,0,0,0,0,0,0,0,0,0
ARG684D,0,0.0,0.0,0.0,0.0,0.0,0.0,0.0,0.0,0,0.0,0.0,0,0,0,0,0,0,0,0,0,0
ASN685D,0,0.0,0.0,0.0,0.0,0.0,0.0,0.0,0.0,0,0.0,0.0,0,0,0,0,0,0,0,0,0,0
SER686D,0,0.0,0.0,0.0,0.0,0.0,0.0,0.0,0.0,0,0.0,0.0,0,0,0,0,0,0,0,0,0,0
THR687D,0,0.0,0.0,0.0,0.0,0.0,0.0,0.0,0.0,0,0.0,0.0,0,0,0,0,0,0,0,0,0,0
VAL688D,0,0.0,0.0,0.0,0.0,0.0,0.0,0.0,0.0,0,0.0,0.0,0,0,0,0,0,0,0,0,0,0
MET689D,0,0.0,0.0,0.0,0.0,0.0,0.0,0.0,0.0,0,0.0,0.0,0,0,0,0,0,0,0,0,0,0
SER690D,0,0.0,0.0,0.0,0.0,0.0,0.0,0.0,0.0,0,0.0,0.0,0,0,0,0,0,0,0,0,0,0
ARG691D,0,0.0,0.0,0.0,0.0,0.0,0.0,0.0,0.0,0,0.0,0.0,0,0,0,0,0,0,0,0,0,0
ALA692D,0,0.0,0.0,0.0,0.0,0.0,0.0,0.0,0.0,0,0.0,0.0,0,0,0,0,0,0,0,0,0,0
GLU693D,0,0.0,0.0,0.0,0.0,0.0,0.0,0.0,0.0,0,0.0,0.0,0,0,0,0,0,0,0,0,0,0
ASN694D,0,0.0,0.0,0.0,0.0,0.0,0.0,0.0,0.0,0,0.0,0.0,0,0,0,0,0,0,0,0,0,0
PHE695D,0,0.0,0.0,0.0,0.0,0.0,0.0,0.0,0.0,0,0.0,0.0,0,0,0,0,0,0,0,0,0,0
LYS696D,0,0.0,0.0,0.0,0.0,0.0,0.0,0.0,0.0,0,0.0,0.0,0,0,0,0,0,0,0,0,0,0
GLN697D,0,0.0,0.0,0.0,0.0,0.0,0.0,0.0,0.0,0,0.0,0.0,0,0,0,0,0,0,0,0,0,0
VAL698D,0,0.0,0.0,0.0,0.0,0.0,0.0,0.0,0.0,0,0.0,0.0,0,0,0,0,0,0,0,0,0,0
GLU699D,0,0.0,0.0,0.0,0.0,0.0,0.0,0.0,0.0,0,0.0,0.0,0,0,0,0,0,0,0,0,0,0
TYR700D,0,0.0,0.0,0.0,0.0,0.0,0.0,0.0,0.0,0,0.0,0.0,0,0,0,0,0,0,0,0,0,0
LEU701D,0,0.0,0.0,0.0,0.0,0.0,0.0,0.0,0.0,0,0.0,0.0,0,0,0,0,0,0,0,0,0,0
LEU702D,0,0.0,0.0,0.0,0.0,0.0,0.0,0.0,0.0,0,0.0,0.0,0,0,0,0,0,0,0,0,0,0
ILE703D,0,0.0,0.0,0.0,0.0,0.0,0.0,0.0,0.0,0,0.0,0.0,0,0,0,0,0,0,0,0,0,0
HIS704D,0,0.0,0.0,0.0,0.0,0.0,0.0,0.0,0.0,0,0.0,0.0,0,0,0,0,0,0,0,0,0,0
GLY705D,0,0.0,0.0,0.0,0.0,0.0,0.0,0.0,0.0,0,0.0,0.0,0,0,0,0,0,0,0,0,0,0
THR706D,0,0.0,0.0,0.0,0.0,0.0,0.0,0.0,0.0,0,0.0,0.0,0,0,0,0,0,0,0,0,0,0
ALA707D,0,0.0,0.0,0.0,0.0,0.0,0.0,0.0,0.0,0,0.0,0.0,0,0,0,0,0,0,0,0,0,0
ASP708D,0,0.0,0.0,0.0,0.0,0.0,0.0,0.0,0.0,0,0.0,0.0,0,0,0,0,0,0,0,0,0,0
ASP709D,0,0.0,0.0,0.0,0.0,0.0,0.0,0.0,0.0,0,0.0,0.0,0,0,0,0,0,0,0,0,0,0
ASN710D,0,0.0,0.0,0.0,0.0,0.0,0.0,0.0,0.0,0,0.0005890050899999999,-0.319887058665,0,0,0,0,0,0,0,0,0,0
VAL711D,0,0.0,0.0,0.0,0.0,0.0,0.0,0.0,0.0,0,-0.001193945675,-0.012842889836,0,0,0,0,0,0,0,0,0,0
HIS712D,0,0.0,0.0,0.0,0.0,0.0,0.0,0.0,0.0,0,0.0,0.0,0,0,0,0,0,0,0,0,0,0
PHE713D,0,0.0,0.0,0.0,0.0,0.0,0.0,0.0,0.0,0,0.0,0.0,0,0,0,0,0,0,0,0,0,0
GLN714D,0,0.0,0.0,0.0,0.0,0.0,0.0,0.0,0.0,0,0.0,0.0,0,0,0,0,0,0,0,0,0,0
GLN715D,0,0.0,0.0,0.0,0.0,0.0,0.0,0.0,0.0,0,0.0,0.0,0,0,0,0,0,0,0,0,0,0
SER716D,0,0.0,0.0,0.0,0.0,0.0,0.0,0.0,0.0,0,0.0,0.0,0,0,0,0,0,0,0,0,0,0
ALA717D,0,0.0,0.0,0.0,0.0,0.0,0.0,0.0,0.0,0,0.0,0.0,0,0,0,0,0,0,0,0,0,0
GLN718D,0,0.0,0.0,0.0,0.0,0.0,0.0,0.0,0.0,0,0.0,0.0,0,0,0,0,0,0,0,0,0,0
LEU719D,0,0.0,0.0,0.0,0.0,0.0,0.0,0.0,0.0,0,0.0,0.0,0,0,0,0,0,0,0,0,0,0
SER720D,0,0.0,0.0,0.0,0.0,0.0,0.0,0.0,0.0,0,0.0,0.0,0,0,0,0,0,0,0,0,0,0
LYS721D,0,0.0,0.0,0.0,0.0,0.0,0.0,0.0,0.0,0,0.0,0.0,0,0,0,0,0,0,0,0,0,0
ALA722D,0,0.0,0.0,0.0,0.0,0.0,0.0,0.0,0.0,0,0.0,0.0,0,0,0,0,0,0,0,0,0,0
LEU723D,0,0.0,0.0,0.0,0.0,0.0,0.0,0.0,0.0,0,0.0,0.0,0,0,0,0,0,0,0,0,0,0
VAL724D,0,0.0,0.0,0.0,0.0,0.0,0.0,0.0,0.0,0,0.0,0.0,0,0,0,0,0,0,0,0,0,0
ASP725D,0,0.0,0.0,0.0,0.0,0.0,0.0,0.0,0.0,0,0.0,0.0,0,0,0,0,0,0,0,0,0,0
ALA726D,0,0.0,0.0,0.0,0.0,0.0,0.0,0.0,0.0,0,0.0,0.0,0,0,0,0,0,0,0,0,0,0
GLY727D,0,0.0,0.0,0.0,0.0,0.0,0.0,0.0,0.0,0,0.0,0.0,0,0,0,0,0,0,0,0,0,0
VAL728D,0,0.0,0.0,0.0,0.0,0.0,0.0,0.0,0.0,0,0.0,0.0,0,0,0,0,0,0,0,0,0,0
ASP729D,0,0.0,0.0,0.0,0.0,0.0,0.0,0.0,0.0,0,0.0,0.0,0,0,0,0,0,0,0,0,0,0
PHE730D,0,0.0,0.0,0.0,0.0,0.0,0.0,0.0,0.0,0,0.0,0.0,0,0,0,0,0,0,0,0,0,0
GLN731D,0,0.0,0.0,0.0,0.0,0.0,0.0,0.0,0.0,0,0.0,0.0,0,0,0,0,0,0,0,0,0,0
THR732D,0,0.0,0.0,0.0,0.0,0.0,0.0,0.0,0.0,0,0.0,0.0,0,0,0,0,0,0,0,0,0,0
MET733D,0,0.0,0.0,0.0,0.0,0.0,0.0,0.0,0.0,0,0.0,0.0,0,0,0,0,0,0,0,0,0,0
TRP734D,0,0.0,0.0,0.0,0.0,0.0,0.0,0.0,0.0,0,0.0,0.0,0,0,0,0,0,0,0,0,0,0
TYR735D,0,0.0,0.0,0.0,0.0,0.0,0.0,0.0,0.0,0,0.0,0.0,0,0,0,0,0,0,0,0,0,0
THR736D,0,0.0,0.0,0.0,0.0,0.0,0.0,0.0,0.0,0,0.0,0.0,0,0,0,0,0,0,0,0,0,0
ASP737D,0,0.0,0.0,0.0,0.0,0.0,0.0,0.0,0.0,0,0.0,0.0,0,0,0,0,0,0,0,0,0,0
GLU738D,0,0.0,0.0,0.0,0.0,0.0,0.0,0.0,0.0,0,0.0,0.0,0,0,0,0,0,0,0,0,0,0
ASP739D,0,0.0,0.0,0.0,0.0,0.0,0.0,0.0,0.0,0,0.0,0.0,0,0,0,0,0,0,0,0,0,0
HIS740D,0,0.0,0.0,0.0,0.0,0.0,0.0,0.0,0.0,0,0.0,-0.364202088875,0,0,0,0,0,0,0,0,0,0
GLY741D,0,0.0,0.0,0.0,0.0,0.0,0.0,0.0,0.0,0,0.0,0.0,0,0,0,0,0,0,0,0,0,0
ILE742D,0,0.0,0.0,0.0,0.0,0.0,0.0,0.0,0.0,0,0.0,0.0,0,0,0,0,0,0,0,0,0,0
ALA743D,0,0.0,0.0,0.0,0.0,0.0,0.0,0.0,0.0,0,0.0,0.0,0,0,0,0,0,0,0,0,0,0
SER744D,0,0.0,0.0,0.0,0.0,0.0,0.0,0.0,0.0,0,0.0,0.0,0,0,0,0,0,0,0,0,0,0
ASN745D,0,0.0,0.0,0.0,0.0,0.0,0.0,0.0,0.0,0,0.0,0.0,0,0,0,0,0,0,0,0,0,0
MET746D,0,0.0,0.0,0.0,0.0,0.0,0.0,0.0,0.0,0,0.0,0.0,0,0,0,0,0,0,0,0,0,0
ALA747D,0,0.0,0.0,0.0,0.0,0.0,0.0,0.0,0.0,0,0.0,0.0,0,0,0,0,0,0,0,0,0,0
HIS748D,0,0.0,0.0,0.0,0.0,0.0,0.0,0.0,0.0,0,0.0,0.0,0,0,0,0,0,0,0,0,0,0
GLN749D,0,0.0,0.0,0.0,0.0,0.0,0.0,0.0,0.0,0,0.0,0.0,0,0,0,0,0,0,0,0,0,0
HIS750D,0,0.0,0.0,0.0,0.0,0.0,0.0,0.0,0.0,0,0.0,0.0,0,0,0,0,0,0,0,0,0,0
ILE751D,0,0.0,0.0,0.0,0.0,0.0,0.0,0.0,0.0,0,0.0,0.0,0,0,0,0,0,0,0,0,0,0
TYR752D,0,0.0,0.0,0.0,0.0,0.0,0.0,0.0,0.0,0,0.0,0.0,0,0,0,0,0,0,0,0,0,0
THR753D,0,0.0,0.0,0.0,0.0,0.0,0.0,0.0,0.0,0,0.0,0.0,0,0,0,0,0,0,0,0,0,0
HIS754D,0,0.0,0.0,0.0,0.0,0.0,0.0,0.0,0.0,0,0.0,0.0,0,0,0,0,0,0,0,0,0,0
MET755D,0,0.0,0.0,0.0,0.0,0.0,0.0,0.0,0.0,0,0.0,0.0,0,0,0,0,0,0,0,0,0,0
SER756D,0,0.0,0.0,0.0,0.0,0.0,0.0,0.0,0.0,0,0.0,0.0,0,0,0,0,0,0,0,0,0,0
HIS757D,0,0.0,0.0,0.0,0.0,0.0,0.0,0.0,0.0,0,0.0,0.0,0,0,0,0,0,0,0,0,0,0
PHE758D,0,0.0,0.0,0.0,0.0,0.0,0.0,0.0,0.0,0,0.0,0.0,0,0,0,0,0,0,0,0,0,0
LEU759D,0,0.0,0.0,0.0,0.0,0.0,0.0,0.0,0.0,0,0.0,0.0,0,0,0,0,0,0,0,0,0,0
LYS760D,0,0.0,0.0,0.0,0.0,0.0,0.0,0.0,0.0,0,0.0,0.0,0,0,0,0,0,0,0,0,0,0
GLN761D,0,0.0,0.0,0.0,0.0,0.0,0.0,0.0,0.0,0,0.0,0.0,0,0,0,0,0,0,0,0,0,0
CYS762D,0,0.0,0.0,0.0,0.0,0.0,0.0,0.0,0.0,0,0.0,0.0,0,0,0,0,0,0,0,0,0,0
PHE763D,0,0.0,0.0,0.0,0.0,0.0,0.0,0.0,0.0,0,0.0,0.0,0,0,0,0,0,0,0,0,0,0
SER764D,0,0.0,0.0,0.0,0.0,0.0,0.0,0.0,0.0,0,0.0,0.0,0,0,0,0,0,0,0,0,0,0
LEU765D,0,0.0,0.0,0.0,0.0,0.0,0.0,0.0,0.0,0,0.0,0.0,0,0,0,0,0,0,0,0,0,0
PRO766D,0,0.0,0.0,0.0,0.0,0.0,0.0,0.0,0.0,0,0.0,0.0,0,0,0,0,0,0,0,0,0,0
